Hour;Load
1;1,02
2;1,008
3;1,086
4;1,128
5;1,032
6;1,014
7;1,008
8;1,044
9;1,104
10;1,056
11;1,05
12;1,05
13;1,098
14;1,11
15;1,098
16;1,128
17;1,194
18;1,158
19;1,368
20;1,446
21;1,446
22;1,464
23;1,524
24;1,488
25;1,536
26;1,548
27;1,518
28;1,584
29;1,578
30;1,572
31;1,692
32;1,806
33;1,77
34;1,77
35;1,746
36;1,722
37;1,734
38;1,686
39;1,746
40;1,722
41;1,788
42;1,788
43;1,704
44;1,656
45;1,71
46;1,674
47;1,626
48;1,62
49;1,59
50;1,578
51;1,578
52;1,596
53;1,578
54;1,602
55;1,542
56;1,644
57;1,842
58;1,794
59;1,794
60;1,86
61;1,83
62;1,83
63;1,89
64;1,83
65;1,878
66;1,878
67;1,944
68;1,878
69;1,992
70;2,034
71;2,016
72;2,058
73;2,04
74;2,016
75;2,064
76;2,046
77;2,112
78;1,986
79;2,166
80;2,16
81;2,136
82;2,298
83;2,172
84;2,058
85;2,16
86;2,22
87;2,268
88;2,352
89;2,322
90;2,286
91;2,22
92;2,394
93;2,358
94;2,274
95;2,322
96;2,436
97;2,508
98;2,4
99;2,406
100;2,364
101;2,412
102;2,268
103;2,442
104;2,586
105;2,526
106;2,544
107;2,706
108;2,682
109;2,682
110;2,616
111;2,652
112;2,766
113;2,502
114;2,568
115;2,562
116;2,532
117;2,598
118;2,532
119;2,442
120;2,418
121;2,388
122;2,238
123;2,346
124;2,316
125;2,262
126;2,088
127;2,094
128;1,992
129;2,076
130;1,962
131;1,98
132;2,046
133;2,004
134;2,016
135;2,028
136;1,944
137;1,89
138;1,884
139;1,938
140;1,92
141;1,836
142;1,98
143;2,01
144;2,31
145;2,31
146;2,238
147;2,352
148;2,382
149;2,358
150;2,364
151;2,424
152;2,622
153;2,676
154;2,694
155;2,802
156;2,676
157;2,526
158;2,52
159;2,61
160;2,676
161;2,574
162;2,676
163;2,532
164;2,598
165;2,544
166;2,562
167;2,502
168;2,526
169;2,52
170;2,436
171;2,55
172;2,454
173;2,466
174;2,328
175;2,478
176;2,55
177;2,58
178;2,526
179;2,526
180;2,538
181;2,616
182;2,658
183;2,562
184;2,586
185;2,616
186;2,46
187;2,346
188;2,328
189;2,316
190;2,346
191;2,316
192;2,124
193;2,238
194;2,232
195;2,286
196;2,196
197;2,064
198;1,944
199;2,196
200;2,274
201;2,328
202;2,328
203;2,328
204;2,346
205;2,358
206;2,382
207;2,454
208;2,496
209;2,454
210;2,364
211;2,25
212;2,304
213;2,274
214;2,274
215;2,22
216;2,178
217;2,268
218;2,208
219;2,136
220;2,166
221;2,118
222;2,052
223;2,022
224;2,052
225;2,244
226;2,28
227;2,292
228;2,358
229;2,424
230;2,436
231;2,472
232;2,412
233;2,478
234;2,448
235;2,514
236;2,448
237;2,466
238;2,472
239;2,394
240;2,454
241;2,472
242;2,496
243;2,496
244;2,442
245;2,508
246;2,442
247;2,568
248;2,664
249;2,67
250;2,652
251;2,652
252;2,472
253;2,43
254;2,43
255;2,46
256;2,61
257;2,46
258;2,502
259;2,55
260;2,574
261;2,508
262;2,55
263;2,418
264;2,478
265;2,604
266;2,448
267;2,538
268;2,532
269;2,526
270;2,412
271;2,244
272;2,274
273;2,244
274;2,244
275;2,262
276;2,274
277;2,304
278;2,262
279;2,406
280;2,616
281;2,496
282;2,508
283;2,562
284;2,496
285;2,556
286;2,544
287;2,46
288;2,496
289;2,442
290;2,4
291;2,508
292;2,466
293;2,508
294;2,472
295;2,568
296;2,562
297;2,676
298;2,688
299;2,634
300;2,628
301;2,652
302;2,508
303;2,424
304;2,574
305;2,496
306;2,49
307;2,472
308;2,436
309;2,574
310;2,556
311;2,526
312;2,622
313;2,628
314;2,436
315;2,304
316;2,25
317;2,346
318;2,412
319;2,562
320;2,628
321;2,55
322;2,508
323;2,604
324;2,652
325;2,58
326;2,568
327;2,55
328;2,64
329;2,574
330;2,58
331;2,532
332;2,586
333;2,634
334;2,598
335;2,448
336;2,538
337;2,616
338;2,58
339;2,664
340;2,616
341;2,568
342;2,436
343;2,346
344;2,376
345;2,4
346;2,346
347;2,412
348;2,346
349;2,262
350;2,238
351;2,178
352;2,25
353;2,226
354;2,172
355;2,274
356;2,286
357;2,238
358;2,154
359;2,268
360;2,232
361;2,202
362;2,202
363;2,262
364;2,244
365;2,19
366;2,16
367;2,358
368;2,364
369;2,25
370;2,328
371;2,28
372;2,292
373;2,298
374;2,256
375;2,082
376;2,148
377;2,25
378;2,43
379;2,298
380;2,298
381;2,262
382;2,388
383;2,388
384;2,334
385;2,436
386;2,436
387;2,31
388;2,352
389;2,304
390;2,292
391;2,28
392;2,34
393;2,358
394;2,394
395;2,394
396;2,322
397;2,298
398;2,364
399;2,358
400;2,31
401;2,4
402;2,448
403;2,49
404;2,496
405;2,544
406;2,622
407;2,496
408;2,562
409;2,442
410;2,538
411;2,52
412;2,466
413;2,412
414;2,34
415;2,448
416;2,496
417;2,544
418;2,604
419;2,646
420;2,682
421;2,67
422;2,688
423;2,652
424;2,676
425;2,664
426;2,67
427;2,628
428;2,658
429;2,622
430;2,622
431;2,658
432;2,676
433;2,61
434;2,574
435;2,73
436;2,67
437;2,64
438;2,646
439;2,562
440;2,562
441;2,37
442;2,376
443;2,454
444;2,412
445;2,328
446;2,364
447;2,442
448;2,562
449;2,46
450;2,55
451;2,586
452;2,664
453;2,652
454;2,634
455;2,52
456;2,73
457;2,736
458;2,574
459;2,736
460;2,664
461;2,736
462;2,646
463;2,856
464;2,826
465;2,826
466;2,76
467;2,85
468;2,754
469;2,658
470;2,718
471;2,748
472;2,808
473;2,694
474;2,64
475;2,724
476;2,7
477;2,802
478;2,796
479;2,724
480;2,844
481;2,814
482;2,622
483;2,502
484;2,484
485;2,472
486;2,382
487;2,574
488;2,634
489;2,646
490;2,514
491;2,49
492;2,694
493;2,67
494;2,796
495;2,754
496;2,67
497;2,622
498;2,664
499;2,598
500;2,508
501;2,568
502;2,58
503;2,514
504;2,652
505;2,64
506;2,592
507;2,598
508;2,532
509;2,544
510;2,376
511;2,562
512;2,544
513;2,538
514;2,568
515;2,526
516;2,574
517;2,502
518;2,61
519;2,592
520;2,592
521;2,538
522;2,418
523;2,322
524;2,358
525;2,226
526;2,214
527;2,274
528;2,256
529;2,28
530;2,238
531;2,232
532;2,178
533;2,1
534;2,154
535;2,298
536;2,382
537;2,28
538;2,28
539;2,286
540;2,316
541;2,388
542;2,37
543;2,388
544;2,274
545;2,34
546;2,322
547;2,256
548;2,256
549;2,22
550;2,202
551;2,25
552;2,226
553;2,184
554;2,154
555;2,082
556;2,1
557;2,04
558;2,076
559;2,004
560;1,992
561;2,1
562;2,178
563;2,322
564;2,202
565;2,22
566;2,292
567;2,346
568;2,346
569;2,364
570;2,364
571;2,358
572;2,28
573;2,358
574;2,466
575;2,472
576;2,436
577;2,556
578;2,502
579;2,526
580;2,472
581;2,37
582;2,28
583;2,436
584;2,328
585;2,184
586;2,286
587;2,382
588;2,406
589;2,37
590;2,46
591;2,502
592;2,586
593;2,49
594;2,508
595;2,532
596;2,568
597;2,544
598;2,598
599;2,466
600;2,574
601;2,484
602;2,49
603;2,61
604;2,592
605;2,58
606;2,412
607;2,406
608;2,622
609;2,586
610;2,598
611;2,526
612;2,352
613;2,436
614;2,574
615;2,61
616;2,562
617;2,484
618;2,538
619;2,592
620;2,628
621;2,574
622;2,556
623;2,478
624;2,574
625;2,532
626;2,43
627;2,622
628;2,328
629;2,106
630;2,112
631;2,22
632;2,274
633;2,328
634;2,328
635;2,436
636;2,346
637;2,208
638;2,178
639;2,142
640;2,238
641;2,172
642;2,268
643;2,298
644;2,346
645;2,526
646;2,622
647;2,532
648;2,574
649;2,508
650;2,412
651;2,532
652;2,436
653;2,388
654;2,316
655;2,556
656;2,724
657;2,76
658;2,646
659;2,61
660;2,604
661;2,466
662;2,562
663;2,544
664;2,646
665;2,568
666;2,574
667;2,562
668;2,58
669;2,412
670;2,286
671;2,268
672;2,49
673;2,442
674;2,286
675;2,436
676;2,25
677;2,322
678;2,094
679;2,232
680;2,412
681;2,496
682;2,376
683;2,304
684;2,448
685;2,376
686;2,346
687;2,406
688;2,598
689;2,496
690;2,454
691;2,25
692;2,352
693;2,358
694;2,328
695;2,352
696;2,376
697;2,34
698;2,268
699;2,22
700;2,214
701;2,154
702;2,082
703;2,166
704;2,28
705;2,244
706;2,22
707;2,31
708;2,25
709;2,214
710;2,268
711;2,226
712;2,352
713;2,46
714;2,472
715;2,388
716;2,37
717;2,256
718;2,256
719;2,328
720;2,244
721;2,232
722;2,184
723;2,088
724;2,262
725;2,058
726;2,082
727;2,034
728;2,184
729;2,292
730;2,316
731;2,334
732;2,388
733;2,4
734;2,352
735;2,316
736;2,394
737;2,418
738;2,37
739;2,196
740;2,22
741;2,424
742;2,46
743;2,316
744;2,436
745;2,496
746;2,466
747;2,532
748;2,442
749;2,43
750;2,334
751;2,574
752;2,688
753;2,7
754;2,67
755;2,682
756;2,358
757;2,352
758;2,388
759;2,4
760;2,766
761;2,658
762;2,706
763;2,712
764;2,688
765;2,7
766;2,718
767;2,676
768;2,76
769;2,73
770;2,616
771;2,7
772;2,64
773;2,748
774;2,43
775;2,412
776;2,334
777;2,316
778;2,226
779;2,292
780;2,358
781;2,382
782;2,316
783;2,298
784;2,406
785;2,262
786;2,244
787;2,292
788;2,352
789;2,352
790;2,346
791;2,31
792;2,394
793;2,364
794;2,28
795;2,352
796;2,304
797;2,268
798;2,178
799;2,346
800;2,43
801;2,412
802;2,298
803;2,412
804;2,442
805;2,4
806;2,268
807;2,31
808;2,394
809;2,298
810;2,274
811;2,268
812;2,304
813;2,34
814;2,352
815;2,268
816;2,412
817;2,382
818;2,286
819;2,394
820;2,28
821;2,346
822;2,184
823;2,334
824;2,37
825;2,37
826;2,262
827;2,25
828;2,274
829;2,328
830;2,322
831;2,298
832;2,364
833;2,316
834;2,25
835;2,214
836;2,298
837;2,376
838;2,274
839;2,268
840;2,286
841;2,22
842;2,214
843;2,406
844;2,238
845;2,256
846;2,07
847;2,196
848;2,22
849;2,256
850;2,184
851;2,598
852;2,718
853;2,598
854;2,64
855;2,484
856;2,634
857;2,514
858;2,406
859;2,406
860;2,4
861;2,328
862;2,376
863;2,43
864;2,358
865;2,37
866;2,292
867;2,286
868;2,238
869;2,262
870;2,262
871;2,394
872;2,484
873;2,49
874;2,412
875;2,34
876;2,46
877;2,472
878;2,424
879;2,592
880;2,586
881;2,556
882;2,52
883;2,418
884;2,442
885;2,214
886;2,1
887;2,124
888;2,124
889;2,01
890;2,094
891;2,016
892;1,992
893;1,944
894;1,944
895;1,818
896;1,866
897;1,998
898;2,004
899;2,178
900;2,304
901;2,274
902;2,34
903;2,382
904;2,328
905;2,34
906;2,352
907;2,382
908;2,328
909;2,478
910;2,526
911;2,502
912;2,55
913;2,574
914;2,514
915;2,61
916;2,466
917;2,526
918;2,43
919;2,676
920;2,652
921;2,688
922;2,706
923;2,64
924;2,664
925;2,694
926;2,658
927;2,532
928;2,622
929;2,61
930;2,538
931;2,646
932;2,586
933;2,574
934;2,61
935;2,448
936;2,496
937;2,49
938;2,52
939;2,562
940;2,502
941;2,55
942;2,328
943;2,37
944;2,334
945;2,304
946;2,394
947;2,436
948;2,502
949;2,682
950;2,55
951;2,406
952;2,508
953;2,52
954;2,478
955;2,622
956;2,586
957;2,556
958;2,502
959;2,562
960;2,598
961;2,454
962;2,424
963;2,448
964;2,466
965;2,436
966;2,454
967;2,43
968;2,514
969;2,628
970;2,616
971;2,442
972;2,7
973;2,658
974;2,688
975;2,586
976;2,688
977;2,652
978;2,658
979;2,628
980;2,664
981;2,622
982;2,568
983;2,508
984;2,616
985;2,556
986;2,52
987;2,598
988;2,556
989;2,58
990;2,55
991;2,64
992;2,544
993;2,556
994;2,628
995;2,622
996;2,586
997;2,448
998;2,424
999;2,334
1000;2,532
1001;2,688
1002;2,898
1003;2,712
1004;2,718
1005;2,664
1006;2,64
1007;2,478
1008;2,544
1009;2,538
1010;2,418
1011;2,508
1012;2,514
1013;2,424
1014;2,31
1015;2,454
1016;2,514
1017;2,496
1018;2,436
1019;2,43
1020;2,418
1021;2,376
1022;2,508
1023;2,43
1024;2,394
1025;2,508
1026;2,454
1027;2,184
1028;2,286
1029;2,298
1030;2,202
1031;2,226
1032;2,268
1033;2,37
1034;2,232
1035;2,286
1036;2,16
1037;2,154
1038;2,1
1039;2,28
1040;2,274
1041;2,334
1042;2,358
1043;2,28
1044;2,328
1045;2,37
1046;2,352
1047;2,346
1048;2,382
1049;2,364
1050;2,328
1051;2,28
1052;2,262
1053;2,238
1054;2,118
1055;2,202
1056;2,178
1057;2,238
1058;2,118
1059;2,094
1060;2,124
1061;2,136
1062;2,16
1063;2,19
1064;2,208
1065;2,4
1066;2,298
1067;2,31
1068;2,34
1069;2,34
1070;2,34
1071;2,394
1072;2,34
1073;2,436
1074;2,328
1075;2,412
1076;2,328
1077;2,484
1078;2,532
1079;2,424
1080;2,55
1081;2,568
1082;2,46
1083;2,496
1084;2,544
1085;2,55
1086;2,442
1087;2,586
1088;2,67
1089;2,73
1090;2,718
1091;2,628
1092;2,772
1093;2,676
1094;2,64
1095;2,604
1096;2,652
1097;2,598
1098;2,592
1099;2,598
1100;2,556
1101;2,562
1102;2,502
1103;2,46
1104;2,532
1105;2,568
1106;2,514
1107;2,52
1108;2,52
1109;2,598
1110;2,484
1111;2,37
1112;2,322
1113;2,316
1114;2,382
1115;2,382
1116;2,424
1117;2,304
1118;2,406
1119;2,31
1120;2,508
1121;2,556
1122;2,622
1123;2,598
1124;2,514
1125;2,502
1126;2,64
1127;2,538
1128;2,592
1129;2,586
1130;2,574
1131;2,652
1132;2,628
1133;2,616
1134;2,556
1135;2,718
1136;2,784
1137;2,826
1138;2,838
1139;2,832
1140;2,724
1141;2,502
1142;2,556
1143;2,472
1144;2,748
1145;2,634
1146;2,694
1147;2,628
1148;2,592
1149;2,634
1150;2,682
1151;2,628
1152;2,664
1153;2,64
1154;2,682
1155;2,64
1156;2,58
1157;2,604
1158;2,46
1159;2,544
1160;2,604
1161;2,556
1162;2,544
1163;2,436
1164;2,646
1165;2,802
1166;2,808
1167;2,718
1168;2,772
1169;2,526
1170;2,652
1171;2,64
1172;2,688
1173;2,646
1174;2,64
1175;2,598
1176;2,526
1177;2,646
1178;2,634
1179;2,616
1180;2,538
1181;2,568
1182;2,394
1183;2,544
1184;2,628
1185;2,7
1186;2,67
1187;2,622
1188;2,55
1189;2,568
1190;2,586
1191;2,502
1192;2,55
1193;2,562
1194;2,46
1195;2,328
1196;2,28
1197;2,292
1198;2,346
1199;2,316
1200;2,22
1201;2,298
1202;2,268
1203;2,244
1204;2,202
1205;2,148
1206;2,142
1207;2,286
1208;2,364
1209;2,286
1210;2,4
1211;2,484
1212;2,46
1213;2,478
1214;2,448
1215;2,58
1216;2,538
1217;2,664
1218;2,556
1219;2,424
1220;2,412
1221;2,49
1222;2,466
1223;2,448
1224;2,424
1225;2,484
1226;2,376
1227;2,322
1228;2,238
1229;2,256
1230;2,154
1231;2,136
1232;2,304
1233;2,448
1234;2,238
1235;2,412
1236;2,382
1237;2,334
1238;2,322
1239;2,412
1240;2,37
1241;2,448
1242;2,394
1243;2,502
1244;2,406
1245;2,34
1246;2,322
1247;2,292
1248;2,214
1249;2,22
1250;2,082
1251;2,136
1252;2,118
1253;2,004
1254;1,83
1255;1,824
1256;1,818
1257;1,818
1258;1,722
1259;1,764
1260;1,806
1261;1,776
1262;1,734
1263;1,788
1264;1,77
1265;1,758
1266;1,644
1267;1,692
1268;1,632
1269;1,632
1270;1,62
1271;1,638
1272;1,65
1273;1,632
1274;1,596
1275;1,638
1276;1,644
1277;1,62
1278;1,596
1279;1,674
1280;1,716
1281;1,728
1282;1,692
1283;1,638
1284;1,644
1285;1,662
1286;1,77
1287;1,74
1288;1,728
1289;1,704
1290;1,644
1291;1,656
1292;1,65
1293;1,626
1294;1,644
1295;1,662
1296;1,638
1297;1,65
1298;1,608
1299;1,68
1300;1,644
1301;1,632
1302;1,614
1303;1,872
1304;1,974
1305;1,92
1306;1,854
1307;1,896
1308;1,962
1309;1,914
1310;2,016
1311;2,046
1312;2,208
1313;2,178
1314;2,238
1315;2,298
1316;2,352
1317;2,31
1318;2,334
1319;2,274
1320;2,358
1321;2,304
1322;2,202
1323;2,25
1324;2,19
1325;2,178
1326;2,1
1327;2,136
1328;2,16
1329;2,136
1330;2,136
1331;2,196
1332;2,304
1333;2,394
1334;2,37
1335;2,226
1336;2,31
1337;2,22
1338;2,118
1339;2,178
1340;2,178
1341;2,208
1342;2,106
1343;2,028
1344;2,118
1345;2,076
1346;1,956
1347;1,95
1348;2,016
1349;1,992
1350;1,95
1351;2,292
1352;2,28
1353;2,286
1354;2,358
1355;2,238
1356;2,202
1357;2,202
1358;2,46
1359;2,502
1360;2,568
1361;2,67
1362;2,598
1363;2,484
1364;2,49
1365;2,358
1366;2,49
1367;2,382
1368;2,382
1369;2,292
1370;2,286
1371;2,268
1372;2,268
1373;2,136
1374;2,13
1375;2,178
1376;2,232
1377;2,07
1378;2,37
1379;2,352
1380;2,346
1381;2,292
1382;2,292
1383;2,286
1384;2,244
1385;2,214
1386;2,244
1387;2,16
1388;2,16
1389;2,022
1390;2,13
1391;2,136
1392;2,184
1393;2,16
1394;2,22
1395;2,04
1396;2,154
1397;2,1
1398;2,142
1399;2,004
1400;2,124
1401;2,268
1402;2,292
1403;2,268
1404;2,28
1405;2,322
1406;2,328
1407;2,31
1408;2,28
1409;2,418
1410;2,328
1411;2,31
1412;2,196
1413;2,358
1414;2,406
1415;2,37
1416;2,46
1417;2,496
1418;2,418
1419;2,442
1420;2,454
1421;2,4
1422;2,238
1423;2,472
1424;2,49
1425;2,556
1426;2,628
1427;2,46
1428;2,616
1429;2,544
1430;2,514
1431;2,448
1432;2,628
1433;2,52
1434;2,424
1435;2,37
1436;2,382
1437;2,418
1438;2,412
1439;2,37
1440;2,466
1441;2,472
1442;2,424
1443;2,526
1444;2,526
1445;2,562
1446;2,322
1447;2,292
1448;2,28
1449;2,328
1450;2,328
1451;2,364
1452;2,484
1453;2,502
1454;2,478
1455;2,508
1456;2,652
1457;2,64
1458;2,592
1459;2,526
1460;2,52
1461;2,472
1462;2,49
1463;2,34
1464;2,538
1465;2,526
1466;2,454
1467;2,526
1468;2,508
1469;2,544
1470;2,418
1471;2,526
1472;2,568
1473;2,61
1474;2,592
1475;2,688
1476;2,742
1477;2,646
1478;2,742
1479;2,592
1480;2,688
1481;2,718
1482;2,712
1483;2,658
1484;2,568
1485;2,508
1486;2,544
1487;2,478
1488;2,616
1489;2,61
1490;2,514
1491;2,634
1492;2,586
1493;2,64
1494;2,436
1495;2,604
1496;2,616
1497;2,616
1498;2,58
1499;2,628
1500;2,652
1501;2,466
1502;2,538
1503;2,472
1504;2,526
1505;2,436
1506;2,49
1507;2,424
1508;2,454
1509;2,496
1510;2,448
1511;2,364
1512;2,46
1513;2,406
1514;2,394
1515;2,49
1516;2,4
1517;2,37
1518;2,196
1519;2,436
1520;2,538
1521;2,436
1522;2,46
1523;2,544
1524;2,604
1525;2,508
1526;2,586
1527;2,478
1528;2,52
1529;2,4
1530;2,388
1531;2,328
1532;2,304
1533;2,178
1534;2,25
1535;2,268
1536;2,214
1537;2,268
1538;2,28
1539;2,31
1540;2,232
1541;2,184
1542;2,142
1543;2,238
1544;2,364
1545;2,334
1546;2,364
1547;2,376
1548;2,418
1549;2,412
1550;2,478
1551;2,484
1552;2,472
1553;2,37
1554;2,352
1555;2,166
1556;2,178
1557;2,226
1558;2,4
1559;2,328
1560;2,352
1561;2,364
1562;2,322
1563;2,28
1564;2,322
1565;2,238
1566;2,214
1567;2,076
1568;2,172
1569;2,316
1570;2,322
1571;2,334
1572;2,37
1573;2,304
1574;2,364
1575;2,364
1576;2,43
1577;2,472
1578;2,52
1579;2,556
1580;2,448
1581;2,586
1582;2,748
1583;2,694
1584;2,796
1585;2,676
1586;2,61
1587;2,7
1588;2,664
1589;2,736
1590;2,532
1591;2,67
1592;2,748
1593;2,76
1594;2,784
1595;2,754
1596;2,73
1597;2,736
1598;2,682
1599;2,694
1600;2,778
1601;2,67
1602;2,604
1603;2,682
1604;2,694
1605;2,67
1606;2,694
1607;2,622
1608;2,664
1609;2,712
1610;2,658
1611;2,7
1612;2,694
1613;2,67
1614;2,466
1615;2,448
1616;2,508
1617;2,43
1618;2,382
1619;2,358
1620;2,394
1621;2,454
1622;2,622
1623;2,64
1624;2,76
1625;2,67
1626;2,676
1627;2,664
1628;2,736
1629;2,796
1630;2,73
1631;2,586
1632;2,694
1633;2,682
1634;2,61
1635;2,664
1636;2,622
1637;2,628
1638;2,592
1639;2,76
1640;2,796
1641;2,802
1642;2,802
1643;2,754
1644;2,85
1645;2,778
1646;2,778
1647;2,766
1648;2,808
1649;2,754
1650;2,73
1651;2,652
1652;2,616
1653;2,616
1654;2,58
1655;2,508
1656;2,658
1657;2,7
1658;2,61
1659;2,682
1660;2,532
1661;2,562
1662;2,442
1663;2,58
1664;2,574
1665;2,574
1666;2,706
1667;2,724
1668;2,712
1669;2,7
1670;2,676
1671;2,67
1672;2,874
1673;2,838
1674;2,832
1675;2,736
1676;2,568
1677;2,598
1678;2,616
1679;2,532
1680;2,622
1681;2,562
1682;2,562
1683;2,562
1684;2,43
1685;2,442
1686;2,316
1687;2,508
1688;2,622
1689;2,634
1690;2,532
1691;2,712
1692;2,712
1693;2,592
1694;2,574
1695;2,538
1696;2,628
1697;2,58
1698;2,604
1699;2,496
1700;2,412
1701;2,364
1702;2,346
1703;2,322
1704;2,286
1705;2,352
1706;2,388
1707;2,358
1708;2,34
1709;2,34
1710;2,364
1711;2,388
1712;2,478
1713;2,352
1714;2,358
1715;2,412
1716;2,49
1717;2,55
1718;2,43
1719;2,484
1720;2,568
1721;2,604
1722;2,622
1723;2,466
1724;2,418
1725;2,394
1726;2,364
1727;2,406
1728;2,352
1729;2,328
1730;2,322
1731;2,34
1732;2,334
1733;2,286
1734;2,304
1735;2,232
1736;2,262
1737;2,328
1738;2,4
1739;2,388
1740;2,454
1741;2,442
1742;2,454
1743;2,424
1744;2,502
1745;2,526
1746;2,568
1747;2,532
1748;2,43
1749;2,544
1750;2,598
1751;2,55
1752;2,568
1753;2,58
1754;2,538
1755;2,634
1756;2,676
1757;2,646
1758;2,532
1759;2,676
1760;2,676
1761;2,712
1762;2,766
1763;2,676
1764;2,67
1765;2,688
1766;2,778
1767;2,706
1768;2,79
1769;2,79
1770;2,682
1771;2,628
1772;2,556
1773;2,64
1774;2,724
1775;2,622
1776;2,742
1777;2,742
1778;2,694
1779;2,802
1780;2,7
1781;2,646
1782;2,538
1783;2,4
1784;2,376
1785;2,37
1786;2,424
1787;2,496
1788;2,412
1789;2,49
1790;2,61
1791;2,574
1792;2,646
1793;2,58
1794;2,574
1795;2,526
1796;2,538
1797;2,658
1798;2,628
1799;2,454
1800;2,646
1801;2,736
1802;2,628
1803;2,7
1804;2,556
1805;2,58
1806;2,46
1807;2,604
1808;2,658
1809;2,658
1810;2,598
1811;2,652
1812;2,604
1813;2,532
1814;2,568
1815;2,586
1816;2,676
1817;2,64
1818;2,616
1819;2,556
1820;2,61
1821;2,598
1822;2,742
1823;2,52
1824;2,64
1825;2,622
1826;2,682
1827;2,658
1828;2,58
1829;2,586
1830;2,52
1831;2,652
1832;2,7
1833;2,55
1834;2,55
1835;2,652
1836;2,76
1837;2,76
1838;2,706
1839;2,58
1840;2,67
1841;2,736
1842;2,736
1843;2,598
1844;2,622
1845;2,682
1846;2,646
1847;2,544
1848;2,55
1849;2,538
1850;2,484
1851;2,58
1852;2,532
1853;2,502
1854;2,4
1855;2,58
1856;2,622
1857;2,628
1858;2,7
1859;2,724
1860;2,742
1861;2,706
1862;2,814
1863;2,754
1864;2,748
1865;2,622
1866;2,622
1867;2,484
1868;2,46
1869;2,526
1870;2,478
1871;2,526
1872;2,472
1873;2,364
1874;2,394
1875;2,316
1876;2,268
1877;2,28
1878;2,244
1879;2,28
1880;2,322
1881;2,244
1882;2,304
1883;2,292
1884;2,382
1885;2,388
1886;2,436
1887;2,436
1888;2,412
1889;2,55
1890;2,508
1891;2,442
1892;2,376
1893;2,436
1894;2,442
1895;2,382
1896;2,232
1897;2,262
1898;2,298
1899;2,208
1900;2,184
1901;2,184
1902;2,262
1903;2,244
1904;2,262
1905;2,358
1906;2,244
1907;2,232
1908;2,238
1909;2,25
1910;2,376
1911;2,376
1912;2,412
1913;2,496
1914;2,46
1915;2,34
1916;2,37
1917;2,496
1918;2,532
1919;2,484
1920;2,49
1921;2,466
1922;2,418
1923;2,424
1924;2,256
1925;2,208
1926;2,214
1927;2,154
1928;2,178
1929;2,238
1930;1,89
1931;1,83
1932;1,974
1933;1,908
1934;1,788
1935;1,764
1936;1,794
1937;1,722
1938;1,8
1939;1,734
1940;1,728
1941;1,644
1942;1,728
1943;1,722
1944;1,728
1945;1,728
1946;1,764
1947;1,722
1948;1,704
1949;1,704
1950;1,686
1951;1,416
1952;1,446
1953;1,434
1954;1,314
1955;1,488
1956;1,524
1957;1,446
1958;1,428
1959;1,44
1960;1,47
1961;1,506
1962;1,608
1963;1,608
1964;1,794
1965;1,782
1966;1,806
1967;1,818
1968;1,824
1969;1,872
1970;1,764
1971;1,812
1972;1,818
1973;1,782
1974;1,86
1975;1,866
1976;1,938
1977;1,914
1978;2,076
1979;2,106
1980;2,118
1981;2,118
1982;2,148
1983;2,124
1984;2,118
1985;2,052
1986;2,106
1987;1,998
1988;2,022
1989;2,016
1990;2,088
1991;2,094
1992;2,256
1993;2,37
1994;2,286
1995;2,286
1996;2,148
1997;2,208
1998;2,13
1999;2,286
2000;2,37
2001;2,466
2002;2,412
2003;2,544
2004;2,574
2005;2,508
2006;2,496
2007;2,328
2008;2,394
2009;2,304
2010;2,424
2011;2,382
2012;2,358
2013;2,364
2014;2,406
2015;2,412
2016;2,52
2017;2,526
2018;2,472
2019;2,346
2020;2,352
2021;2,436
2022;2,412
2023;2,466
2024;2,436
2025;2,55
2026;2,496
2027;2,502
2028;2,496
2029;2,46
2030;2,556
2031;2,514
2032;2,502
2033;2,4
2034;2,238
2035;2,154
2036;2,22
2037;2,136
2038;2,22
2039;2,208
2040;2,238
2041;2,238
2042;2,148
2043;2,112
2044;2,064
2045;2,046
2046;2,004
2047;2,082
2048;2,136
2049;2,058
2050;2,088
2051;2,058
2052;2,088
2053;2,112
2054;2,13
2055;2,214
2056;2,214
2057;2,268
2058;2,328
2059;2,226
2060;2,25
2061;2,22
2062;2,22
2063;2,286
2064;2,238
2065;2,118
2066;2,148
2067;2,112
2068;2,154
2069;2,148
2070;2,148
2071;2,154
2072;2,178
2073;2,166
2074;2,1
2075;2,112
2076;2,118
2077;2,178
2078;2,226
2079;2,238
2080;2,268
2081;2,268
2082;2,304
2083;2,148
2084;2,286
2085;2,31
2086;2,304
2087;2,352
2088;2,454
2089;2,37
2090;2,4
2091;2,34
2092;2,34
2093;2,208
2094;2,352
2095;2,334
2096;2,424
2097;2,484
2098;2,448
2099;2,538
2100;2,448
2101;2,178
2102;2,1
2103;2,142
2104;2,124
2105;2,124
2106;2,052
2107;2,094
2108;2,136
2109;2,154
2110;2,046
2111;2,226
2112;2,25
2113;2,142
2114;2,226
2115;2,178
2116;2,184
2117;2,1
2118;2,196
2119;2,142
2120;2,142
2121;2,256
2122;2,448
2123;2,394
2124;2,376
2125;2,466
2126;2,43
2127;2,4
2128;2,424
2129;2,388
2130;2,394
2131;2,352
2132;2,43
2133;2,454
2134;2,4
2135;2,49
2136;2,538
2137;2,43
2138;2,526
2139;2,418
2140;2,46
2141;2,352
2142;2,454
2143;2,514
2144;2,538
2145;2,502
2146;2,55
2147;2,604
2148;2,442
2149;2,412
2150;2,46
2151;2,466
2152;2,346
2153;2,484
2154;2,46
2155;2,46
2156;2,496
2157;2,508
2158;2,37
2159;2,49
2160;2,49
2161;2,34
2162;2,394
2163;2,436
2164;2,352
2165;2,292
2166;2,472
2167;2,424
2168;2,508
2169;2,484
2170;2,4
2171;2,622
2172;2,58
2173;2,496
2174;2,484
2175;2,604
2176;2,436
2177;2,508
2178;2,31
2179;2,328
2180;2,43
2181;2,418
2182;2,298
2183;2,328
2184;2,274
2185;2,274
2186;2,25
2187;2,184
2188;2,244
2189;2,094
2190;1,95
2191;2,004
2192;1,986
2193;1,974
2194;2,04
2195;1,968
2196;1,962
2197;1,992
2198;1,992
2199;1,926
2200;1,866
2201;1,932
2202;1,98
2203;1,998
2204;1,98
2205;2,004
2206;1,842
2207;1,788
2208;1,956
2209;2,016
2210;1,992
2211;2,058
2212;2,052
2213;2,034
2214;2,16
2215;2,256
2216;2,232
2217;2,256
2218;2,322
2219;2,298
2220;2,37
2221;2,37
2222;2,364
2223;2,316
2224;2,388
2225;2,412
2226;2,244
2227;2,286
2228;2,25
2229;2,28
2230;2,316
2231;2,268
2232;2,184
2233;2,262
2234;2,184
2235;2,1
2236;2,058
2237;2,058
2238;1,926
2239;2,16
2240;2,268
2241;2,298
2242;2,262
2243;2,328
2244;2,268
2245;2,292
2246;2,268
2247;2,238
2248;2,322
2249;2,34
2250;2,376
2251;2,298
2252;2,142
2253;2,202
2254;2,13
2255;2,124
2256;2,16
2257;2,16
2258;2,136
2259;2,058
2260;2,034
2261;2,034
2262;1,962
2263;1,932
2264;1,926
2265;1,896
2266;1,914
2267;1,902
2268;1,92
2269;1,914
2270;1,914
2271;1,884
2272;1,848
2273;1,842
2274;1,74
2275;1,794
2276;1,8
2277;1,848
2278;1,902
2279;2,148
2280;2,19
2281;2,142
2282;2,166
2283;2,172
2284;2,178
2285;2,058
2286;2,028
2287;2,106
2288;2,124
2289;2,13
2290;2,19
2291;2,238
2292;2,172
2293;2,172
2294;2,154
2295;2,22
2296;2,244
2297;2,31
2298;2,424
2299;2,328
2300;2,478
2301;2,466
2302;2,394
2303;2,556
2304;2,544
2305;2,46
2306;2,454
2307;2,376
2308;2,394
2309;2,298
2310;2,4
2311;2,466
2312;2,43
2313;2,358
2314;2,436
2315;2,538
2316;2,628
2317;2,604
2318;2,616
2319;2,658
2320;2,514
2321;2,424
2322;2,454
2323;2,466
2324;2,52
2325;2,472
2326;2,454
2327;2,526
2328;2,544
2329;2,37
2330;2,442
2331;2,382
2332;2,376
2333;2,346
2334;2,43
2335;2,61
2336;2,586
2337;2,556
2338;2,55
2339;2,562
2340;2,556
2341;2,52
2342;2,208
2343;2,28
2344;2,442
2345;2,448
2346;2,508
2347;2,442
2348;2,538
2349;2,55
2350;2,43
2351;2,502
2352;2,466
2353;2,34
2354;2,34
2355;2,364
2356;2,256
2357;2,178
2358;2,322
2359;2,406
2360;2,316
2361;2,244
2362;2,358
2363;2,352
2364;2,382
2365;2,544
2366;2,424
2367;2,646
2368;2,502
2369;2,448
2370;2,358
2371;2,34
2372;2,352
2373;2,436
2374;2,388
2375;2,316
2376;2,382
2377;2,352
2378;2,364
2379;2,304
2380;2,226
2381;2,184
2382;2,4
2383;2,412
2384;2,382
2385;2,322
2386;2,376
2387;2,118
2388;2,262
2389;2,16
2390;2,232
2391;2,244
2392;2,226
2393;2,244
2394;2,316
2395;2,334
2396;2,364
2397;2,394
2398;2,472
2399;2,46
2400;2,412
2401;2,322
2402;2,292
2403;2,28
2404;2,232
2405;2,16
2406;2,058
2407;2,214
2408;2,328
2409;2,286
2410;2,322
2411;2,328
2412;2,304
2413;2,382
2414;2,514
2415;2,442
2416;2,466
2417;2,46
2418;2,496
2419;2,466
2420;2,604
2421;2,586
2422;2,694
2423;2,7
2424;2,658
2425;2,502
2426;2,538
2427;2,562
2428;2,526
2429;2,322
2430;2,694
2431;2,718
2432;2,856
2433;2,748
2434;2,616
2435;2,712
2436;2,724
2437;2,7
2438;2,64
2439;2,73
2440;2,652
2441;2,616
2442;2,568
2443;2,526
2444;2,544
2445;2,526
2446;2,61
2447;2,682
2448;2,682
2449;2,52
2450;2,724
2451;2,658
2452;2,604
2453;2,436
2454;2,322
2455;2,328
2456;2,322
2457;2,28
2458;2,286
2459;2,43
2460;2,466
2461;2,424
2462;2,298
2463;2,532
2464;2,538
2465;2,592
2466;2,574
2467;2,586
2468;2,682
2469;2,652
2470;2,496
2471;2,604
2472;2,616
2473;2,496
2474;2,538
2475;2,562
2476;2,616
2477;2,412
2478;2,502
2479;2,568
2480;2,562
2481;2,598
2482;2,61
2483;2,616
2484;2,508
2485;2,574
2486;2,634
2487;2,736
2488;2,652
2489;2,778
2490;2,706
2491;2,658
2492;2,502
2493;2,49
2494;2,634
2495;2,724
2496;2,658
2497;2,496
2498;2,514
2499;2,514
2500;2,538
2501;2,442
2502;2,544
2503;2,58
2504;2,634
2505;2,562
2506;2,514
2507;2,628
2508;2,604
2509;2,634
2510;2,502
2511;2,628
2512;2,49
2513;2,622
2514;2,514
2515;2,568
2516;2,574
2517;2,706
2518;2,598
2519;2,574
2520;2,532
2521;2,448
2522;2,46
2523;2,292
2524;2,388
2525;2,31
2526;2,478
2527;2,532
2528;2,574
2529;2,37
2530;2,526
2531;2,64
2532;2,604
2533;2,628
2534;2,58
2535;2,64
2536;2,61
2537;2,562
2538;2,346
2539;2,31
2540;2,316
2541;2,448
2542;2,424
2543;2,358
2544;2,346
2545;2,322
2546;2,208
2547;2,226
2548;2,124
2549;2,1
2550;2,178
2551;2,31
2552;2,268
2553;2,358
2554;2,328
2555;2,352
2556;2,418
2557;2,382
2558;2,43
2559;2,4
2560;2,544
2561;2,472
2562;2,358
2563;2,37
2564;2,4
2565;2,43
2566;2,43
2567;2,34
2568;2,34
2569;2,274
2570;2,196
2571;2,196
2572;2,226
2573;2,13
2574;2,088
2575;2,118
2576;2,244
2577;2,31
2578;2,34
2579;2,406
2580;2,448
2581;2,46
2582;2,388
2583;2,37
2584;2,436
2585;2,358
2586;2,394
2587;2,364
2588;2,406
2589;2,43
2590;2,508
2591;2,562
2592;2,562
2593;2,484
2594;2,514
2595;2,532
2596;2,562
2597;2,466
2598;2,61
2599;2,718
2600;2,61
2601;2,55
2602;2,502
2603;2,67
2604;2,592
2605;2,382
2606;2,292
2607;2,346
2608;2,262
2609;2,202
2610;2,232
2611;2,172
2612;2,256
2613;2,226
2614;2,148
2615;2,22
2616;2,22
2617;2,124
2618;2,184
2619;2,154
2620;2,244
2621;2,1
2622;2,22
2623;2,238
2624;2,28
2625;2,304
2626;2,232
2627;2,25
2628;2,316
2629;2,37
2630;2,226
2631;2,328
2632;2,28
2633;2,232
2634;2,202
2635;2,28
2636;2,406
2637;2,34
2638;2,298
2639;2,316
2640;2,406
2641;2,424
2642;2,568
2643;2,586
2644;2,538
2645;2,448
2646;2,61
2647;2,67
2648;2,622
2649;2,676
2650;2,664
2651;2,592
2652;2,622
2653;2,688
2654;2,7
2655;2,82
2656;2,592
2657;2,622
2658;2,586
2659;2,568
2660;2,61
2661;2,634
2662;2,604
2663;2,73
2664;2,748
2665;2,61
2666;2,616
2667;2,58
2668;2,622
2669;2,478
2670;2,64
2671;2,712
2672;2,628
2673;2,646
2674;2,688
2675;2,706
2676;2,592
2677;2,652
2678;2,652
2679;2,784
2680;2,616
2681;2,544
2682;2,562
2683;2,454
2684;2,538
2685;2,418
2686;2,406
2687;2,454
2688;2,478
2689;2,376
2690;2,526
2691;2,454
2692;2,532
2693;2,478
2694;2,622
2695;2,592
2696;2,526
2697;2,514
2698;2,502
2699;2,568
2700;2,442
2701;2,46
2702;2,526
2703;2,526
2704;2,484
2705;2,442
2706;2,424
2707;2,376
2708;2,31
2709;2,304
2710;2,322
2711;2,262
2712;2,25
2713;2,244
2714;2,22
2715;2,16
2716;2,124
2717;2,106
2718;2,226
2719;2,316
2720;2,19
2721;2,31
2722;2,304
2723;2,316
2724;2,334
2725;2,352
2726;2,406
2727;2,394
2728;2,424
2729;2,4
2730;2,352
2731;2,352
2732;2,376
2733;2,352
2734;2,436
2735;2,376
2736;2,304
2737;2,268
2738;2,226
2739;2,172
2740;2,058
2741;2,154
2742;2,124
2743;2,226
2744;2,292
2745;2,268
2746;2,268
2747;2,298
2748;2,196
2749;2,172
2750;2,238
2751;2,25
2752;2,286
2753;2,262
2754;2,322
2755;2,274
2756;2,376
2757;2,502
2758;2,442
2759;2,538
2760;2,568
2761;2,442
2762;2,508
2763;2,436
2764;2,412
2765;2,208
2766;2,19
2767;2,346
2768;2,508
2769;2,556
2770;2,454
2771;2,568
2772;2,442
2773;2,544
2774;2,442
2775;2,508
2776;2,526
2777;2,478
2778;2,412
2779;2,394
2780;2,394
2781;2,406
2782;2,322
2783;2,406
2784;2,376
2785;2,358
2786;2,436
2787;2,37
2788;2,346
2789;2,148
2790;2,106
2791;2,1
2792;2,184
2793;2,07
2794;2,142
2795;2,25
2796;2,202
2797;2,196
2798;2,184
2799;2,184
2800;2,208
2801;2,22
2802;2,106
2803;2,106
2804;2,124
2805;2,064
2806;2,19
2807;2,388
2808;2,352
2809;2,322
2810;2,454
2811;2,31
2812;2,328
2813;2,262
2814;2,358
2815;2,322
2816;2,418
2817;2,466
2818;2,454
2819;2,424
2820;2,532
2821;2,52
2822;2,49
2823;2,61
2824;2,436
2825;2,364
2826;2,358
2827;2,31
2828;2,328
2829;2,388
2830;2,334
2831;2,532
2832;2,574
2833;2,46
2834;2,508
2835;2,49
2836;2,592
2837;2,424
2838;2,502
2839;2,532
2840;2,52
2841;2,442
2842;2,406
2843;2,55
2844;2,436
2845;2,352
2846;2,394
2847;2,496
2848;2,436
2849;2,376
2850;2,298
2851;2,4
2852;2,436
2853;2,466
2854;2,364
2855;2,49
2856;2,472
2857;2,382
2858;2,52
2859;2,43
2860;2,412
2861;2,244
2862;2,472
2863;2,454
2864;2,466
2865;2,442
2866;2,52
2867;2,466
2868;2,298
2869;2,538
2870;2,388
2871;2,46
2872;2,322
2873;2,358
2874;2,316
2875;2,268
2876;2,214
2877;2,322
2878;2,34
2879;2,28
2880;2,268
2881;2,172
2882;2,136
2883;2,118
2884;2,082
2885;1,992
2886;2,04
2887;2,208
2888;2,232
2889;2,22
2890;2,286
2891;2,214
2892;2,184
2893;2,16
2894;2,31
2895;2,232
2896;2,292
2897;2,208
2898;2,31
2899;2,286
2900;2,262
2901;2,292
2902;2,31
2903;2,268
2904;2,166
2905;2,196
2906;2,19
2907;2,196
2908;2,148
2909;2,16
2910;2,076
2911;2,178
2912;2,328
2913;2,256
2914;2,25
2915;2,304
2916;2,334
2917;2,208
2918;2,262
2919;2,208
2920;2,322
2921;2,274
2922;2,28
2923;2,196
2924;2,322
2925;2,34
2926;2,412
2927;2,448
2928;2,46
2929;2,406
2930;2,478
2931;2,448
2932;2,46
2933;2,37
2934;2,538
2935;2,478
2936;2,526
2937;2,472
2938;2,442
2939;2,568
2940;2,532
2941;2,478
2942;2,298
2943;2,484
2944;2,538
2945;2,436
2946;2,454
2947;2,334
2948;2,448
2949;2,55
2950;2,496
2951;2,598
2952;2,61
2953;2,496
2954;2,592
2955;2,562
2956;2,532
2957;2,334
2958;2,202
2959;2,172
2960;2,178
2961;2,064
2962;2,184
2963;2,328
2964;2,49
2965;2,586
2966;2,46
2967;2,43
2968;2,538
2969;2,568
2970;2,55
2971;2,436
2972;2,556
2973;2,562
2974;2,466
2975;2,55
2976;2,7
2977;2,508
2978;2,556
2979;2,634
2980;2,634
2981;2,448
2982;2,592
2983;2,574
2984;2,736
2985;2,67
2986;2,376
2987;2,628
2988;2,634
2989;2,592
2990;2,544
2991;2,514
2992;2,478
2993;2,448
2994;2,502
2995;2,352
2996;2,43
2997;2,46
2998;2,448
2999;2,49
3000;2,532
3001;2,442
3002;2,604
3003;2,454
3004;2,4
3005;2,238
3006;2,502
3007;2,502
3008;2,556
3009;2,466
3010;2,532
3011;2,544
3012;2,562
3013;2,496
3014;2,556
3015;2,73
3016;2,616
3017;2,604
3018;2,664
3019;2,556
3020;2,466
3021;2,586
3022;2,472
3023;2,52
3024;2,502
3025;2,4
3026;2,46
3027;2,43
3028;2,49
3029;2,406
3030;2,544
3031;2,598
3032;2,694
3033;2,568
3034;2,466
3035;2,55
3036;2,442
3037;2,46
3038;2,454
3039;2,496
3040;2,43
3041;2,394
3042;2,352
3043;2,352
3044;2,34
3045;2,424
3046;2,406
3047;2,304
3048;2,364
3049;2,31
3050;2,346
3051;2,364
3052;2,328
3053;2,28
3054;2,394
3055;2,346
3056;2,388
3057;2,418
3058;2,412
3059;2,376
3060;2,49
3061;2,514
3062;2,592
3063;2,61
3064;2,64
3065;2,55
3066;2,484
3067;2,472
3068;2,556
3069;2,634
3070;2,646
3071;2,61
3072;2,52
3073;2,502
3074;2,322
3075;2,346
3076;2,322
3077;2,196
3078;2,172
3079;2,28
3080;2,406
3081;2,388
3082;2,364
3083;2,508
3084;2,43
3085;2,544
3086;2,484
3087;2,442
3088;2,58
3089;2,58
3090;2,514
3091;2,274
3092;2,472
3093;2,646
3094;2,766
3095;2,778
3096;2,766
3097;2,646
3098;2,652
3099;2,562
3100;2,634
3101;2,502
3102;2,61
3103;2,658
3104;2,694
3105;2,76
3106;2,682
3107;2,772
3108;2,652
3109;2,622
3110;2,574
3111;2,772
3112;2,634
3113;2,436
3114;2,502
3115;2,61
3116;2,526
3117;2,484
3118;2,49
3119;2,64
3120;2,604
3121;2,418
3122;2,598
3123;2,484
3124;2,544
3125;2,322
3126;2,316
3127;2,352
3128;2,346
3129;2,28
3130;2,328
3131;2,394
3132;2,334
3133;2,298
3134;2,484
3135;2,718
3136;2,676
3137;2,694
3138;2,496
3139;2,628
3140;2,55
3141;2,574
3142;2,418
3143;2,592
3144;2,532
3145;2,562
3146;2,628
3147;2,526
3148;2,544
3149;2,406
3150;2,532
3151;2,556
3152;2,676
3153;2,616
3154;2,55
3155;2,736
3156;2,646
3157;2,622
3158;2,586
3159;2,628
3160;2,556
3161;2,442
3162;2,526
3163;2,496
3164;2,472
3165;2,532
3166;2,292
3167;2,226
3168;2,31
3169;2,268
3170;2,442
3171;2,538
3172;2,64
3173;2,4
3174;2,556
3175;2,574
3176;2,424
3177;2,394
3178;2,4
3179;2,424
3180;2,4
3181;2,34
3182;2,442
3183;2,382
3184;2,244
3185;2,244
3186;2,196
3187;2,19
3188;2,046
3189;2,184
3190;2,118
3191;1,974
3192;1,992
3193;2,01
3194;2,07
3195;1,986
3196;2,004
3197;2,07
3198;2,058
3199;1,926
3200;1,968
3201;1,83
3202;1,83
3203;1,908
3204;1,95
3205;1,872
3206;1,992
3207;1,848
3208;1,938
3209;1,998
3210;2,154
3211;2,136
3212;2,046
3213;2,208
3214;2,154
3215;2,118
3216;2,106
3217;2,142
3218;2,124
3219;2,16
3220;2,094
3221;2,112
3222;2,19
3223;2,298
3224;1,866
3225;1,908
3226;1,914
3227;2,028
3228;2,082
3229;2,22
3230;2,298
3231;2,292
3232;2,28
3233;2,238
3234;2,232
3235;2,286
3236;2,226
3237;2,256
3238;2,274
3239;2,178
3240;1,986
3241;2,202
3242;2,202
3243;2,19
3244;2,16
3245;2,142
3246;2,052
3247;2,04
3248;2,106
3249;2,31
3250;2,31
3251;2,214
3252;2,238
3253;2,31
3254;2,37
3255;2,298
3256;2,268
3257;2,298
3258;2,22
3259;2,16
3260;2,328
3261;2,34
3262;2,304
3263;2,31
3264;2,34
3265;2,28
3266;2,316
3267;2,334
3268;2,394
3269;2,316
3270;2,406
3271;2,388
3272;2,418
3273;2,346
3274;2,334
3275;2,346
3276;2,37
3277;2,076
3278;2,112
3279;2,25
3280;2,22
3281;2,214
3282;2,328
3283;2,19
3284;2,184
3285;2,232
3286;2,226
3287;2,298
3288;2,31
3289;2,292
3290;2,28
3291;2,244
3292;2,286
3293;2,226
3294;2,382
3295;2,364
3296;2,352
3297;2,364
3298;2,442
3299;2,364
3300;2,316
3301;2,478
3302;2,496
3303;2,7
3304;2,736
3305;2,724
3306;2,382
3307;2,226
3308;2,31
3309;2,334
3310;2,244
3311;2,334
3312;2,34
3313;2,448
3314;2,508
3315;2,532
3316;2,568
3317;2,43
3318;2,43
3319;2,586
3320;2,52
3321;2,478
3322;2,646
3323;2,604
3324;2,622
3325;2,592
3326;2,532
3327;2,574
3328;2,574
3329;2,502
3330;2,52
3331;2,508
3332;2,454
3333;2,466
3334;2,346
3335;2,448
3336;2,4
3337;2,334
3338;2,454
3339;2,4
3340;2,424
3341;2,172
3342;2,412
3343;2,412
3344;2,376
3345;2,274
3346;2,49
3347;2,454
3348;2,466
3349;2,544
3350;2,46
3351;2,544
3352;2,502
3353;2,436
3354;2,394
3355;2,418
3356;2,472
3357;2,604
3358;2,514
3359;2,598
3360;2,568
3361;2,43
3362;2,49
3363;2,436
3364;2,394
3365;2,292
3366;2,454
3367;2,478
3368;2,454
3369;2,49
3370;2,472
3371;2,514
3372;2,472
3373;2,52
3374;2,454
3375;2,568
3376;2,478
3377;2,322
3378;2,208
3379;2,25
3380;2,196
3381;2,196
3382;2,256
3383;2,148
3384;2,082
3385;1,956
3386;2,046
3387;2,016
3388;1,944
3389;1,944
3390;1,98
3391;2,046
3392;2,142
3393;2,46
3394;2,418
3395;2,4
3396;2,31
3397;2,4
3398;2,43
3399;2,442
3400;2,49
3401;2,436
3402;2,34
3403;2,37
3404;2,466
3405;2,424
3406;2,424
3407;2,25
3408;2,358
3409;2,262
3410;2,226
3411;2,256
3412;2,208
3413;2,136
3414;2,082
3415;2,172
3416;2,316
3417;2,316
3418;2,346
3419;2,4
3420;2,304
3421;2,31
3422;2,316
3423;2,352
3424;2,388
3425;2,382
3426;2,388
3427;2,37
3428;2,454
3429;2,598
3430;2,34
3431;2,418
3432;2,466
3433;2,418
3434;2,454
3435;2,31
3436;2,28
3437;2,148
3438;2,316
3439;2,328
3440;2,43
3441;2,502
3442;2,388
3443;2,472
3444;2,46
3445;2,472
3446;2,37
3447;2,526
3448;2,502
3449;2,454
3450;2,424
3451;2,526
3452;2,514
3453;2,442
3454;2,346
3455;2,16
3456;2,034
3457;1,866
3458;1,998
3459;2,028
3460;1,968
3461;1,932
3462;2,064
3463;2,058
3464;2,082
3465;2,094
3466;2,13
3467;2,118
3468;2,01
3469;2,148
3470;2,196
3471;2,244
3472;2,202
3473;2,22
3474;2,142
3475;2,196
3476;2,352
3477;2,394
3478;2,268
3479;2,352
3480;2,25
3481;2,352
3482;2,496
3483;2,34
3484;2,37
3485;2,214
3486;2,352
3487;2,466
3488;2,484
3489;2,508
3490;2,508
3491;2,526
3492;2,502
3493;2,604
3494;2,544
3495;2,754
3496;2,64
3497;2,508
3498;2,472
3499;2,52
3500;2,49
3501;2,466
3502;2,334
3503;2,358
3504;2,334
3505;2,28
3506;2,46
3507;2,37
3508;2,43
3509;2,244
3510;2,412
3511;2,436
3512;2,43
3513;2,37
3514;2,316
3515;2,34
3516;2,298
3517;2,304
3518;2,274
3519;2,43
3520;2,352
3521;2,352
3522;2,244
3523;2,322
3524;2,316
3525;2,25
3526;2,034
3527;2,04
3528;2,034
3529;2,1
3530;2,082
3531;2,058
3532;2,052
3533;2,046
3534;2,184
3535;2,184
3536;2,214
3537;2,22
3538;2,232
3539;2,238
3540;2,214
3541;2,256
3542;2,244
3543;2,286
3544;2,202
3545;2,142
3546;2,112
3547;2,04
3548;2,04
3549;2,016
3550;2,094
3551;2,052
3552;2,118
3553;2,172
3554;2,178
3555;2,208
3556;2,196
3557;2,298
3558;2,412
3559;2,436
3560;2,448
3561;2,478
3562;2,574
3563;2,598
3564;2,598
3565;2,43
3566;2,514
3567;2,43
3568;2,502
3569;2,394
3570;2,232
3571;2,34
3572;2,46
3573;2,43
3574;2,472
3575;2,448
3576;2,448
3577;2,394
3578;2,37
3579;2,496
3580;2,496
3581;2,484
3582;2,538
3583;2,466
3584;2,484
3585;2,37
3586;2,442
3587;2,52
3588;2,49
3589;2,544
3590;2,424
3591;2,466
3592;2,616
3593;2,682
3594;2,688
3595;2,586
3596;2,67
3597;2,766
3598;2,688
3599;2,7
3600;2,658
3601;2,682
3602;2,616
3603;2,706
3604;2,622
3605;2,55
3606;2,664
3607;2,562
3608;2,652
3609;2,586
3610;2,622
3611;2,58
3612;2,61
3613;2,634
3614;2,556
3615;2,64
3616;2,598
3617;2,508
3618;2,49
3619;2,406
3620;2,472
3621;2,526
3622;2,502
3623;2,526
3624;2,598
3625;2,526
3626;2,502
3627;2,412
3628;2,478
3629;2,304
3630;2,118
3631;2,142
3632;2,214
3633;2,268
3634;2,226
3635;2,316
3636;2,334
3637;2,244
3638;2,316
3639;2,43
3640;2,376
3641;2,424
3642;2,592
3643;2,52
3644;2,532
3645;2,58
3646;2,58
3647;2,592
3648;2,568
3649;2,358
3650;2,52
3651;2,466
3652;2,436
3653;2,37
3654;2,502
3655;2,538
3656;2,604
3657;2,49
3658;2,574
3659;2,322
3660;2,496
3661;2,49
3662;2,442
3663;2,514
3664;2,472
3665;2,484
3666;2,442
3667;2,346
3668;2,406
3669;2,442
3670;2,442
3671;2,55
3672;2,466
3673;2,406
3674;2,418
3675;2,436
3676;2,454
3677;2,31
3678;2,496
3679;2,586
3680;2,526
3681;2,466
3682;2,49
3683;2,562
3684;2,454
3685;2,55
3686;2,49
3687;2,55
3688;2,49
3689;2,574
3690;2,676
3691;2,628
3692;2,628
3693;2,526
3694;2,346
3695;2,358
3696;2,364
3697;2,34
3698;2,376
3699;2,34
3700;2,328
3701;2,298
3702;2,502
3703;2,544
3704;2,436
3705;2,496
3706;2,556
3707;2,538
3708;2,55
3709;2,676
3710;2,598
3711;2,682
3712;2,58
3713;2,658
3714;2,562
3715;2,406
3716;2,244
3717;2,184
3718;2,19
3719;2,406
3720;2,31
3721;2,352
3722;2,316
3723;2,304
3724;2,214
3725;2,214
3726;2,262
3727;2,412
3728;2,382
3729;2,34
3730;2,25
3731;2,382
3732;2,508
3733;2,412
3734;2,412
3735;2,346
3736;2,388
3737;2,496
3738;2,43
3739;2,46
3740;2,442
3741;2,466
3742;2,406
3743;2,388
3744;2,382
3745;2,346
3746;2,346
3747;2,322
3748;2,196
3749;2,16
3750;2,142
3751;2,13
3752;2,196
3753;2,274
3754;2,268
3755;2,286
3756;2,304
3757;2,25
3758;2,376
3759;2,298
3760;2,454
3761;2,508
3762;2,508
3763;2,478
3764;2,58
3765;2,634
3766;2,592
3767;2,682
3768;2,622
3769;2,496
3770;2,55
3771;2,622
3772;2,55
3773;2,454
3774;2,574
3775;2,706
3776;2,664
3777;2,622
3778;2,496
3779;2,61
3780;2,664
3781;2,598
3782;2,61
3783;2,664
3784;2,712
3785;2,622
3786;2,682
3787;2,616
3788;2,586
3789;2,676
3790;2,7
3791;2,766
3792;2,736
3793;2,574
3794;2,67
3795;2,574
3796;2,232
3797;2,13
3798;2,316
3799;2,358
3800;2,322
3801;2,316
3802;2,286
3803;2,286
3804;2,274
3805;2,28
3806;2,202
3807;2,358
3808;2,37
3809;2,586
3810;2,562
3811;2,526
3812;2,574
3813;2,472
3814;2,43
3815;2,436
3816;2,466
3817;2,454
3818;2,526
3819;2,406
3820;2,202
3821;2,064
3822;2,352
3823;2,466
3824;2,466
3825;2,442
3826;2,454
3827;2,388
3828;2,412
3829;2,478
3830;2,442
3831;2,49
3832;2,424
3833;2,496
3834;2,49
3835;2,472
3836;2,454
3837;2,544
3838;2,412
3839;2,478
3840;2,49
3841;2,466
3842;2,496
3843;2,346
3844;2,364
3845;2,274
3846;2,436
3847;2,484
3848;2,346
3849;2,382
3850;2,388
3851;2,382
3852;2,472
3853;2,496
3854;2,454
3855;2,598
3856;2,454
3857;2,43
3858;2,298
3859;2,304
3860;2,376
3861;2,256
3862;2,148
3863;2,118
3864;2,232
3865;2,112
3866;2,352
3867;2,346
3868;2,316
3869;2,142
3870;2,388
3871;2,364
3872;2,298
3873;2,358
3874;2,358
3875;2,412
3876;2,31
3877;2,442
3878;2,358
3879;2,406
3880;2,37
3881;2,088
3882;1,992
3883;1,962
3884;2,112
3885;2,244
3886;2,25
3887;2,124
3888;2,106
3889;2,1
3890;2,136
3891;2,13
3892;2,148
3893;2,106
3894;2,208
3895;2,28
3896;2,166
3897;2,274
3898;2,256
3899;2,256
3900;2,286
3901;2,274
3902;2,358
3903;2,25
3904;2,154
3905;2,094
3906;1,932
3907;2,034
3908;2,13
3909;2,1
3910;2,13
3911;2,202
3912;2,268
3913;2,268
3914;2,166
3915;2,07
3916;2,04
3917;2,04
3918;2,022
3919;2,124
3920;2,166
3921;2,226
3922;2,268
3923;2,292
3924;2,262
3925;2,286
3926;2,346
3927;2,394
3928;2,43
3929;2,514
3930;2,448
3931;2,346
3932;2,49
3933;2,508
3934;2,49
3935;2,526
3936;2,568
3937;2,55
3938;2,55
3939;2,538
3940;2,538
3941;2,454
3942;2,682
3943;2,586
3944;2,28
3945;2,358
3946;2,25
3947;2,244
3948;2,202
3949;2,142
3950;2,166
3951;2,328
3952;2,244
3953;2,178
3954;2,052
3955;2,13
3956;2,202
3957;2,184
3958;2,136
3959;2,142
3960;2,208
3961;2,07
3962;2,142
3963;2,064
3964;2,232
3965;2,13
3966;2,316
3967;2,358
3968;2,322
3969;2,316
3970;2,286
3971;2,286
3972;2,274
3973;2,28
3974;2,202
3975;2,358
3976;2,37
3977;2,586
3978;2,562
3979;2,526
3980;2,4851
3981;2,5416
3982;2,3357
3983;2,3945
3984;2,5202
3985;2,4636
3986;2,5541
3987;2,5432
3988;2,4519
3989;2,4146
3990;2,4608
3991;2,5462
3992;2,5734
3993;2,4656
3994;2,5996
3995;2,6307
3996;2,6294
3997;2,6955
3998;2,6782
3999;2,7329
4000;2,6448
4001;2,667
4002;2,5977
4003;2,5905
4004;2,616
4005;2,6493
4006;2,5734
4007;2,6026
4008;2,5561
4009;2,4944
4010;2,5922
4011;2,5475
4012;2,534
4013;2,4265
4014;2,5455
4015;2,6056
4016;2,4903
4017;2,5262
4018;2,6233
4019;2,6682
4020;2,5711
4021;2,3903
4022;2,3831
4023;2,5029
4024;2,444
4025;2,4366
4026;2,3922
4027;2,374
4028;2,3549
4029;2,3426
4030;2,2564
4031;2,378
4032;2,406
4033;2,2986
4034;2,483
4035;2,4104
4036;2,3596
4037;2,2245
4038;2,2922
4039;2,2998
4040;2,398
4041;2,4136
4042;2,6171
4043;2,5216
4044;2,4218
4045;2,49
4046;2,6074
4047;2,6329
4048;2,5238
4049;2,708
4050;2,6077
4051;2,5566
4052;2,4287
4053;2,3533
4054;2,4643
4055;2,4395
4056;2,4452
4057;2,3471
4058;2,2333
4059;2,1933
4060;2,1607
4061;2,102
4062;1,9913
4063;2,233
4064;2,1794
4065;2,3469
4066;2,2774
4067;2,3188
4068;2,3891
4069;2,3606
4070;2,309
4071;2,3569
4072;2,3511
4073;2,3166
4074;2,1881
4075;2,2764
4076;2,2537
4077;2,2148
4078;2,2004
4079;2,1931
4080;2,1622
4081;2,1434
4082;2,0625
4083;1,9793
4084;2,0336
4085;2,0351
4086;2,0043
4087;2,0293
4088;2,2273
4089;2,2269
4090;2,2794
4091;2,3743
4092;2,2256
4093;2,2831
4094;2,2528
4095;2,2379
4096;2,234
4097;2,2891
4098;2,321
4099;2,2427
4100;2,4195
4101;2,5084
4102;2,4339
4103;2,5201
4104;2,5515
4105;2,5071
4106;2,5629
4107;2,5254
4108;2,4408
4109;2,2105
4110;2,0812
4111;2,1679
4112;2,187
4113;2,1367
4114;2,0972
4115;2,1612
4116;2,1399
4117;2,0859
4118;2,1079
4119;2,3618
4120;2,5291
4121;2,524
4122;2,5426
4123;2,4947
4124;2,5045
4125;2,5223
4126;2,5085
4127;2,5524
4128;2,5631
4129;2,4366
4130;2,5029
4131;2,4541
4132;2,4597
4133;2,4694
4134;2,6192
4135;2,522
4136;2,6741
4137;2,6051
4138;2,7139
4139;2,6083
4140;2,5826
4141;2,4935
4142;2,5645
4143;2,6968
4144;2,574
4145;2,5365
4146;2,5344
4147;2,5669
4148;2,6304
4149;2,6297
4150;2,5285
4151;2,6362
4152;2,5604
4153;2,3906
4154;2,5417
4155;2,5144
4156;2,5304
4157;2,4453
4158;2,5516
4159;2,5627
4160;2,6095
4161;2,5758
4162;2,5575
4163;2,5578
4164;2,574
4165;2,5518
4166;2,1414
4167;2,1696
4168;2,1311
4169;2,035
4170;2,1906
4171;2,1425
4172;2,1195
4173;2,2323
4174;2,4169
4175;2,5859
4176;2,5499
4177;2,5224
4178;2,6102
4179;2,5617
4180;2,5022
4181;2,3736
4182;2,5417
4183;2,5847
4184;2,5931
4185;2,5299
4186;2,569
4187;2,6856
4188;2,3951
4189;2,1838
4190;2,2043
4191;2,1919
4192;2,2248
4193;2,1902
4194;2,162
4195;2,1307
4196;2,1063
4197;2,0514
4198;1,951
4199;1,9019
4200;1,9148
4201;1,7591
4202;1,7952
4203;1,7897
4204;1,6687
4205;1,636
4206;1,6403
4207;1,6499
4208;1,6921
4209;1,6624
4210;1,7889
4211;1,8356
4212;1,7477
4213;1,7123
4214;1,6601
4215;1,63
4216;1,6301
4217;1,6349
4218;1,7311
4219;1,7077
4220;1,6328
4221;1,7388
4222;1,7482
4223;1,743
4224;1,779
4225;1,745
4226;1,7264
4227;1,6828
4228;1,6569
4229;1,5898
4230;1,7889
4231;1,8598
4232;1,8417
4233;1,8282
4234;1,8986
4235;1,9119
4236;1,9803
4237;1,9882
4238;2,1059
4239;2,0413
4240;2,0623
4241;1,9881
4242;1,9654
4243;1,9605
4244;1,9428
4245;1,8872
4246;1,8898
4247;1,9287
4248;1,8495
4249;1,8408
4250;1,8566
4251;1,8323
4252;1,7883
4253;1,8319
4254;1,8414
4255;1,9123
4256;2,2304
4257;2,2811
4258;2,2351
4259;2,3424
4260;2,2695
4261;2,4099
4262;2,3949
4263;2,4047
4264;2,4564
4265;2,5459
4266;2,5159
4267;2,4302
4268;2,408
4269;2,5296
4270;2,6098
4271;2,6363
4272;2,6306
4273;2,4979
4274;2,5684
4275;2,5802
4276;2,5591
4277;2,4848
4278;2,5974
4279;2,6752
4280;2,6736
4281;2,6184
4282;2,5917
4283;2,6377
4284;2,5966
4285;2,5695
4286;2,5151
4287;2,659
4288;2,5929
4289;2,519
4290;2,5769
4291;2,6094
4292;2,6937
4293;2,6427
4294;2,6136
4295;2,7026
4296;2,6897
4297;2,5722
4298;2,6721
4299;2,4865
4300;2,2667
4301;2,4008
4302;2,385
4303;2,3575
4304;2,3621
4305;2,1602
4306;2,2246
4307;2,2182
4308;2,2566
4309;2,2182
4310;2,3145
4311;2,5022
4312;2,5967
4313;2,6061
4314;2,6641
4315;2,5792
4316;2,4928
4317;2,4589
4318;2,3842
4319;2,5369
4320;2,5697
4321;2,4042
4322;2,5406
4323;2,4708
4324;2,3667
4325;2,3881
4326;2,5523
4327;2,5851
4328;2,5105
4329;2,7366
4330;2,757
4331;2,7745
4332;2,7426
4333;2,7849
4334;2,6626
4335;2,6278
4336;2,5833
4337;2,6405
4338;2,6176
4339;2,5399
4340;2,576
4341;2,4751
4342;2,3505
4343;2,4315
4344;2,4625
4345;2,3832
4346;2,4922
4347;2,4155
4348;2,3558
4349;2,298
4350;2,3976
4351;2,4338
4352;2,402
4353;2,3203
4354;2,5027
4355;2,6022
4356;2,5864
4357;2,553
4358;2,5032
4359;2,5938
4360;2,4141
4361;2,4628
4362;2,46
4363;2,4712
4364;2,4638
4365;2,4218
4366;2,38
4367;2,4794
4368;2,47
4369;2,3567
4370;2,4644
4371;2,3886
4372;2,3898
4373;2,3981
4374;2,5744
4375;2,6863
4376;2,7331
4377;2,7305
4378;2,7636
4379;2,7045
4380;2,6918
4381;2,6598
4382;2,6005
4383;2,6458
4384;2,643
4385;2,6565
4386;2,621
4387;2,5694
4388;2,4925
4389;2,5001
4390;2,5222
4391;2,4575
4392;2,4165
4393;2,3569
4394;2,296
4395;2,3076
4396;2,2388
4397;2,033
4398;1,9459
4399;2,1522
4400;2,0828
4401;2,015
4402;1,9833
4403;1,9842
4404;2,0113
4405;2,0204
4406;2,0826
4407;2,0792
4408;2,0882
4409;2,0312
4410;1,9775
4411;2,238
4412;2,425
4413;2,3866
4414;2,3855
4415;2,3637
4416;2,3654
4417;2,3697
4418;2,308
4419;2,3096
4420;2,2459
4421;2,183
4422;2,2633
4423;2,3037
4424;2,3531
4425;2,4066
4426;2,3517
4427;2,4809
4428;2,4694
4429;2,5044
4430;2,53
4431;2,4429
4432;2,486
4433;2,4467
4434;2,4474
4435;2,3304
4436;2,4711
4437;2,5309
4438;2,3934
4439;2,5256
4440;2,5959
4441;2,5237
4442;2,4905
4443;2,3726
4444;2,4937
4445;2,3336
4446;2,4367
4447;2,548
4448;2,372
4449;2,5603
4450;2,6006
4451;2,6501
4452;2,5359
4453;2,5667
4454;2,2478
4455;2,3081
4456;2,2326
4457;2,1605
4458;2,161
4459;2,296
4460;2,2665
4461;2,2335
4462;2,1393
4463;2,1599
4464;2,1106
4465;2,0245
4466;2,0907
4467;2,0939
4468;2,1425
4469;2,0227
4470;2,1357
4471;2,1456
4472;2,1705
4473;2,2392
4474;2,2291
4475;2,2044
4476;2,2314
4477;2,3252
4478;2,3872
4479;2,4624
4480;2,4953
4481;2,4558
4482;2,4014
4483;2,4217
4484;2,4617
4485;2,4371
4486;2,399
4487;2,4998
4488;2,4795
4489;2,4136
4490;2,4829
4491;2,3729
4492;2,3342
4493;2,2131
4494;2,4205
4495;2,4509
4496;2,497
4497;2,4564
4498;2,4581
4499;2,5019
4500;2,3764
4501;2,3545
4502;2,3552
4503;2,4331
4504;2,4236
4505;2,4823
4506;2,437
4507;2,433
4508;2,4533
4509;2,414
4510;2,3334
4511;2,4209
4512;2,5177
4513;2,4414
4514;2,547
4515;2,4099
4516;2,3541
4517;2,1881
4518;2,3436
4519;2,4246
4520;2,3968
4521;2,5097
4522;2,5877
4523;2,6052
4524;2,5558
4525;2,4713
4526;2,373
4527;2,633
4528;2,5368
4529;2,5342
4530;2,3887
4531;2,4035
4532;2,4542
4533;2,4473
4534;2,4227
4535;2,4594
4536;2,5192
4537;2,4021
4538;2,4623
4539;2,4016
4540;2,451
4541;2,3097
4542;2,4129
4543;2,3708
4544;2,4445
4545;2,4602
4546;2,5653
4547;2,5129
4548;2,4272
4549;2,4685
4550;2,5479
4551;2,607
4552;2,4608
4553;2,5304
4554;2,5552
4555;2,6009
4556;2,5207
4557;2,5965
4558;2,5637
4559;2,4284
4560;2,4885
4561;2,4761
4562;2,3672
4563;2,2912
4564;2,3049
4565;2,2283
4566;2,2239
4567;2,3469
4568;2,4199
4569;2,4979
4570;2,4678
4571;2,4437
4572;2,4562
4573;2,4154
4574;2,4441
4575;2,6017
4576;2,5941
4577;2,581
4578;2,4867
4579;2,4905
4580;2,4542
4581;2,3981
4582;2,4095
4583;2,3789
4584;2,3652
4585;2,3541
4586;2,3514
4587;2,2286
4588;2,2293
4589;2,353
4590;2,2369
4591;2,2486
4592;2,3021
4593;2,371
4594;2,3848
4595;2,439
4596;2,4188
4597;2,4414
4598;2,4471
4599;2,3948
4600;2,4836
4601;2,3593
4602;2,4832
4603;2,4362
4604;2,4207
4605;2,3395
4606;2,2814
4607;2,305
4608;2,3077
4609;2,2072
4610;2,3216
4611;2,3334
4612;2,3669
4613;2,2192
4614;2,4444
4615;2,585
4616;2,6371
4617;2,6363
4618;2,626
4619;2,6234
4620;2,6996
4621;2,7108
4622;2,4055
4623;2,3895
4624;2,3371
4625;2,3313
4626;2,2624
4627;2,2377
4628;2,1845
4629;2,3027
4630;2,3676
4631;2,3696
4632;2,309
4633;2,3219
4634;2,3648
4635;2,349
4636;2,3079
4637;2,2545
4638;2,4776
4639;2,507
4640;2,5286
4641;2,6459
4642;2,6027
4643;2,5741
4644;2,5682
4645;2,6168
4646;2,4784
4647;2,4546
4648;2,3984
4649;2,2966
4650;2,2602
4651;2,219
4652;2,2936
4653;2,295
4654;2,2387
4655;2,3265
4656;2,3204
4657;2,3021
4658;2,3845
4659;2,2979
4660;2,2835
4661;2,1972
4662;2,3771
4663;2,4604
4664;2,4865
4665;2,5391
4666;2,5098
4667;2,5597
4668;2,6326
4669;2,6017
4670;2,4313
4671;2,4027
4672;2,2683
4673;2,282
4674;2,3185
4675;2,3113
4676;2,2941
4677;2,1714
4678;2,1946
4679;2,3022
4680;2,2651
4681;2,1535
4682;1,8772
4683;1,8381
4684;1,8
4685;1,7331
4686;1,9242
4687;2,0314
4688;2,1046
4689;2,1164
4690;2,1832
4691;2,2005
4692;2,1497
4693;2,0888
4694;1,9014
4695;1,9139
4696;1,8359
4697;1,7572
4698;1,6974
4699;1,6745
4700;1,677
4701;1,6579
4702;1,663
4703;1,8469
4704;1,8246
4705;1,7441
4706;1,7301
4707;1,8222
4708;1,8389
4709;1,7691
4710;1,8707
4711;1,9786
4712;1,9654
4713;1,9386
4714;1,933
4715;1,9713
4716;1,7536
4717;1,7111
4718;1,6903
4719;1,7596
4720;1,7514
4721;1,76
4722;1,8112
4723;1,8023
4724;1,7069
4725;1,6676
4726;1,65
4727;1,6245
4728;1,5947
4729;1,5542
4730;1,5547
4731;1,5237
4732;1,5231
4733;1,4838
4734;1,5633
4735;1,6352
4736;1,5825
4737;1,6648
4738;1,6538
4739;1,6735
4740;1,7113
4741;1,6864
4742;1,7516
4743;1,7426
4744;1,763
4745;1,7302
4746;1,7092
4747;1,7428
4748;1,7593
4749;1,7333
4750;1,7193
4751;1,6501
4752;1,6274
4753;1,6134
4754;1,5384
4755;1,5327
4756;1,485
4757;1,4892
4758;1,4735
4759;1,5279
4760;1,6109
4761;1,6059
4762;1,6377
4763;1,6586
4764;1,6268
4765;1,693
4766;1,736
4767;1,7962
4768;1,8917
4769;1,7883
4770;1,8448
4771;1,7406
4772;1,8004
4773;1,83
4774;1,8394
4775;1,879
4776;1,8381
4777;1,7594
4778;1,778
4779;1,6731
4780;1,6999
4781;1,5975
4782;1,7743
4783;1,8049
4784;1,8147
4785;1,7783
4786;1,8308
4787;1,803
4788;1,7982
4789;1,7315
4790;1,5899
4791;1,5686
4792;1,5355
4793;1,4926
4794;1,4755
4795;1,3877
4796;1,3698
4797;1,4078
4798;1,4334
4799;1,5954
4800;1,5466
4801;1,5009
4802;1,5533
4803;1,5605
4804;1,5601
4805;1,5218
4806;1,7412
4807;1,7284
4808;1,6698
4809;1,7295
4810;1,7637
4811;1,7817
4812;1,7809
4813;1,7394
4814;1,6188
4815;1,6102
4816;1,5625
4817;1,541
4818;1,5381
4819;1,4912
4820;1,4561
4821;1,4661
4822;1,4868
4823;1,6943
4824;1,6856
4825;1,5813
4826;1,6027
4827;1,5633
4828;1,5252
4829;1,4556
4830;1,648
4831;1,7174
4832;1,7503
4833;1,7919
4834;1,8064
4835;1,7714
4836;1,8212
4837;1,7645
4838;1,5963
4839;1,5291
4840;1,486
4841;1,4545
4842;1,42
4843;1,4257
4844;1,4198
4845;1,3734
4846;1,3891
4847;1,5582
4848;1,5317
4849;1,4343
4850;1,4946
4851;1,4958
4852;1,4788
4853;1,4015
4854;1,581
4855;1,6132
4856;1,6127
4857;1,6395
4858;1,7298
4859;1,7521
4860;1,75
4861;1,7442
4862;1,5746
4863;1,5413
4864;1,5071
4865;1,5339
4866;1,4979
4867;1,4597
4868;1,4536
4869;1,3896
4870;1,3625
4871;1,367
4872;1,3306
4873;1,3273
4874;1,3162
4875;1,2951
4876;1,2585
4877;1,2584
4878;1,4641
4879;1,5337
4880;1,5057
4881;1,4627
4882;1,3948
4883;1,359
4884;1,1066
4885;1,1047
4886;1,078
4887;1,0588
4888;1,0172
4889;0,9987
4890;0,9936
4891;0,9747
4892;0,9678
4893;0,9037
4894;0,8044
4895;0,8156
4896;0,8309
4897;0,8206
4898;0,8196
4899;0,8186
4900;0,8164
4901;0,8206
4902;0,8152
4903;0,8152
4904;0,809
4905;0,8093
4906;0,8132
4907;0,8241
4908;0,8222
4909;0,828
4910;0,8234
4911;0,8134
4912;0,8183
4913;0,8219
4914;0,82
4915;0,8089
4916;0,8027
4917;0,7973
4918;0,8073
4919;0,806
4920;0,805
4921;0,7909
4922;0,75
4923;0,7483
4924;0,7464
4925;0,7472
4926;0,7542
4927;0,7808
4928;0,7893
4929;0,8027
4930;0,8126
4931;0,8261
4932;0,8302
4933;0,8308
4934;0,8348
4935;0,8267
4936;0,829
4937;0,8288
4938;0,822
4939;0,8156
4940;0,8053
4941;0,8127
4942;0,8239
4943;0,8344
4944;0,8308
4945;0,8294
4946;0,8294
4947;0,8234
4948;0,8198
4949;0,8351
4950;0,8496
4951;0,8269
4952;0,8237
4953;0,8139
4954;0,8317
4955;0,8369
4956;0,8253
4957;0,8297
4958;0,8187
4959;0,7857
4960;0,7763
4961;0,769
4962;0,7656
4963;0,7606
4964;0,7553
4965;0,7554
4966;0,7528
4967;0,7547
4968;0,7496
4969;0,7388
4970;0,7312
4971;0,7286
4972;0,7247
4973;0,7251
4974;0,7457
4975;0,776
4976;0,786
4977;0,7782
4978;0,7869
4979;0,7959
4980;0,7984
4981;0,8015
4982;0,7975
4983;0,7888
4984;0,761
4985;0,7595
4986;0,7485
4987;0,7301
4988;0,7285
4989;0,7325
4990;0,736
4991;0,7405
4992;0,7373
4993;0,7328
4994;0,7249
4995;0,7316
4996;0,7245
4997;0,723
4998;0,7401
4999;0,7409
5000;0,7189
5001;0,7202
5002;0,734
5003;0,7506
5004;0,734
5005;0,7395
5006;0,7404
5007;0,7061
5008;0,6738
5009;0,6677
5010;0,6712
5011;0,6778
5012;0,6794
5013;0,6794
5014;0,6852
5015;0,6869
5016;0,6828
5017;0,6698
5018;0,6649
5019;0,6632
5020;0,6547
5021;0,6506
5022;0,6703
5023;0,7011
5024;0,7282
5025;0,7353
5026;0,7261
5027;0,7355
5028;0,7357
5029;0,7332
5030;0,7294
5031;0,657
5032;0,6359
5033;0,6366
5034;0,638
5035;0,6364
5036;0,6163
5037;0,6112
5038;0,6302
5039;0,6383
5040;0,6332
5041;0,6273
5042;0,6278
5043;0,6189
5044;0,6246
5045;0,6174
5046;0,6307
5047;0,6446
5048;0,6462
5049;0,6609
5050;0,6602
5051;0,6564
5052;0,6868
5053;0,6716
5054;0,6574
5055;0,6584
5056;0,6295
5057;0,6162
5058;0,6137
5059;0,6215
5060;0,6104
5061;0,5991
5062;0,6096
5063;0,6149
5064;0,6129
5065;0,606
5066;0,6008
5067;0,5983
5068;0,5965
5069;0,6016
5070;0,6002
5071;0,5954
5072;0,601
5073;0,596
5074;0,5957
5075;0,6005
5076;0,602
5077;0,6009
5078;0,5972
5079;0,6134
5080;0,6121
5081;0,6125
5082;0,6302
5083;0,6101
5084;0,5963
5085;0,606
5086;0,6059
5087;0,6093
5088;0,6101
5089;0,6106
5090;0,6062
5091;0,6033
5092;0,6009
5093;0,6018
5094;0,5903
5095;0,5872
5096;0,5892
5097;0,5946
5098;0,5951
5099;0,6022
5100;0,6113
5101;0,5991
5102;0,5964
5103;0,5993
5104;0,5983
5105;0,6059
5106;0,6014
5107;0,607
5108;0,6016
5109;0,5974
5110;0,6055
5111;0,6079
5112;0,6116
5113;0,6085
5114;0,6043
5115;0,6134
5116;0,6053
5117;0,6077
5118;0,6213
5119;0,641
5120;0,8226
5121;0,7713
5122;0,6478
5123;0,7047
5124;0,7135
5125;0,6586
5126;0,744
5127;0,7893
5128;0,7729
5129;0,7688
5130;0,744
5131;0,7327
5132;0,7367
5133;0,7415
5134;0,7475
5135;0,7541
5136;0,7556
5137;0,7483
5138;0,7526
5139;0,7555
5140;0,7485
5141;0,7426
5142;0,7702
5143;0,7648
5144;0,7801
5145;0,6819
5146;0,7981
5147;0,7326
5148;0,6369
5149;0,6233
5150;0,6596
5151;0,7241
5152;0,7088
5153;0,6768
5154;0,6796
5155;0,6709
5156;0,666
5157;0,6748
5158;0,686
5159;0,6804
5160;0,6831
5161;0,684
5162;0,68
5163;0,6735
5164;0,6712
5165;0,6663
5166;0,6836
5167;0,6231
5168;0,5244
5169;0,6573
5170;0,7062
5171;0,7086
5172;0,7105
5173;0,6626
5174;0,6639
5175;0,6836
5176;0,6758
5177;0,6578
5178;0,6635
5179;0,6585
5180;0,6491
5181;0,6587
5182;0,66
5183;0,6601
5184;0,663
5185;0,6573
5186;0,6542
5187;0,6622
5188;0,6525
5189;0,6578
5190;0,6711
5191;0,689
5192;0,7935
5193;0,8029
5194;0,8027
5195;0,8061
5196;0,8115
5197;0,828
5198;0,8032
5199;0,8087
5200;0,7893
5201;0,7839
5202;0,7824
5203;0,7781
5204;0,7691
5205;0,7728
5206;0,7745
5207;0,7719
5208;0,7781
5209;0,7778
5210;0,776
5211;0,7821
5212;0,7814
5213;0,7808
5214;0,7925
5215;0,809
5216;0,8624
5217;0,8862
5218;0,9548
5219;0,9569
5220;0,9552
5221;0,9233
5222;0,9223
5223;0,9044
5224;0,8872
5225;0,8601
5226;0,8477
5227;0,84
5228;0,831
5229;0,8346
5230;0,8314
5231;0,8322
5232;0,836
5233;0,8295
5234;0,8296
5235;0,8314
5236;0,8328
5237;0,825
5238;0,8331
5239;0,8264
5240;0,8372
5241;0,8424
5242;0,8437
5243;0,8495
5244;0,8537
5245;0,8537
5246;0,8608
5247;0,8755
5248;0,8897
5249;0,8939
5250;0,9258
5251;0,9304
5252;0,9488
5253;0,9791
5254;1,0078
5255;1,0188
5256;1,0522
5257;1,0674
5258;1,0908
5259;1,1179
5260;1,1368
5261;1,1593
5262;1,1407
5263;1,0996
5264;1,1107
5265;1,1105
5266;1,1393
5267;1,1229
5268;1,1089
5269;1,1037
5270;1,1102
5271;1,1086
5272;1,0626
5273;0,8959
5274;0,8976
5275;0,9186
5276;0,965
5277;1,1417
5278;1,1512
5279;1,2401
5280;1,2407
5281;1,2165
5282;1,2202
5283;1,1794
5284;1,2141
5285;1,1929
5286;1,3499
5287;1,4572
5288;1,4539
5289;1,502
5290;1,479
5291;1,5014
5292;1,5507
5293;1,5268
5294;1,2588
5295;1,2444
5296;1,2679
5297;1,2962
5298;1,2838
5299;1,2911
5300;1,2925
5301;1,2563
5302;1,2139
5303;1,3099
5304;1,3037
5305;1,2021
5306;1,2491
5307;1,2857
5308;1,293
5309;1,2815
5310;1,5058
5311;1,539
5312;1,6182
5313;1,5581
5314;1,5364
5315;1,6337
5316;1,6958
5317;1,6613
5318;1,4687
5319;1,4732
5320;1,4459
5321;1,406
5322;1,3653
5323;1,3588
5324;1,3136
5325;1,3092
5326;1,3291
5327;1,3737
5328;1,3636
5329;1,3267
5330;1,3935
5331;1,3372
5332;1,3394
5333;1,1963
5334;1,3564
5335;1,4796
5336;1,5269
5337;1,4533
5338;1,4927
5339;1,5002
5340;1,5096
5341;1,4871
5342;1,3506
5343;1,4132
5344;1,3959
5345;1,3395
5346;1,3196
5347;1,3049
5348;1,299
5349;1,3072
5350;1,2831
5351;1,3385
5352;1,2671
5353;1,1923
5354;1,2062
5355;1,187
5356;1,2163
5357;1,1561
5358;1,3781
5359;1,4072
5360;1,5079
5361;1,5193
5362;1,6301
5363;1,6346
5364;1,6791
5365;1,6919
5366;1,4351
5367;1,4143
5368;1,395
5369;1,3394
5370;1,3247
5371;1,2644
5372;1,1649
5373;1,1715
5374;1,1403
5375;1,1097
5376;1,0912
5377;1,0811
5378;1,0367
5379;1,0114
5380;1,0209
5381;1,0348
5382;1,3185
5383;1,3677
5384;1,4207
5385;1,403
5386;1,4665
5387;1,4738
5388;1,2594
5389;1,1684
5390;1,0822
5391;1,0467
5392;1,0145
5393;0,9911
5394;0,9406
5395;0,9219
5396;0,9294
5397;0,8996
5398;0,8794
5399;0,8656
5400;0,858
5401;0,806
5402;0,7902
5403;0,7927
5404;0,7802
5405;0,7666
5406;0,7637
5407;0,7743
5408;0,7793
5409;0,7817
5410;0,7967
5411;0,8125
5412;0,824
5413;0,8115
5414;0,7992
5415;0,8095
5416;0,8158
5417;0,813
5418;0,7846
5419;0,7757
5420;0,776
5421;0,7714
5422;0,7701
5423;0,7647
5424;0,7613
5425;0,7557
5426;0,7591
5427;0,7582
5428;0,7493
5429;0,7354
5430;0,7297
5431;0,7354
5432;0,7484
5433;0,7574
5434;0,7866
5435;0,8143
5436;0,8292
5437;0,8353
5438;0,8506
5439;0,8711
5440;0,9031
5441;0,9285
5442;0,9544
5443;1,1693
5444;1,3346
5445;1,4087
5446;1,4361
5447;1,469
5448;1,4493
5449;1,4031
5450;1,4178
5451;1,3691
5452;1,3969
5453;1,3706
5454;1,5824
5455;1,7148
5456;1,9748
5457;1,9753
5458;1,9563
5459;2,0335
5460;2,0365
5461;2,0499
5462;1,9383
5463;1,9846
5464;1,9215
5465;1,8787
5466;1,887
5467;1,8869
5468;1,8706
5469;1,7787
5470;1,7469
5471;1,7723
5472;1,9096
5473;1,8926
5474;1,9106
5475;1,861
5476;1,8846
5477;1,8226
5478;2,0043
5479;2,0741
5480;2,173
5481;2,3
5482;2,4469
5483;2,4626
5484;2,3794
5485;2,5475
5486;2,3749
5487;2,5546
5488;2,3624
5489;2,3014
5490;2,2665
5491;2,2901
5492;2,2148
5493;2,088
5494;2,106
5495;2,1625
5496;2,1632
5497;1,9939
5498;2,0817
5499;1,9713
5500;1,9854
5501;1,9362
5502;2,1403
5503;2,1761
5504;2,234
5505;2,3074
5506;2,318
5507;2,3372
5508;2,4642
5509;2,5053
5510;2,2998
5511;2,3437
5512;2,2595
5513;2,2325
5514;2,1923
5515;2,1847
5516;2,2628
5517;2,1919
5518;2,2654
5519;2,2007
5520;2,1888
5521;2,0467
5522;2,0708
5523;2,094
5524;1,9549
5525;2,0778
5526;2,2132
5527;2,315
5528;2,4111
5529;2,4632
5530;2,5149
5531;2,431
5532;2,5874
5533;2,5662
5534;2,4372
5535;2,5039
5536;2,464
5537;2,2912
5538;2,2597
5539;2,3216
5540;2,2718
5541;2,2209
5542;2,2849
5543;2,3021
5544;2,2661
5545;2,1593
5546;2,1777
5547;2,2618
5548;2,075
5549;1,9568
5550;2,2234
5551;2,2968
5552;2,3657
5553;2,4757
5554;2,4938
5555;2,4833
5556;2,3588
5557;2,3939
5558;2,4037
5559;2,4168
5560;2,3981
5561;2,4408
5562;2,333
5563;2,3378
5564;2,1628
5565;2,2018
5566;2,1582
5567;2,0022
5568;2,1067
5569;2,0487
5570;2,0438
5571;2,0289
5572;2,0039
5573;1,9952
5574;2,09
5575;2,1932
5576;2,1401
5577;2,1822
5578;2,2495
5579;2,2809
5580;2,3198
5581;2,3529
5582;2,3521
5583;2,3082
5584;2,2998
5585;2,3316
5586;2,2525
5587;2,2777
5588;2,3147
5589;2,2611
5590;2,228
5591;2,1399
5592;2,1764
5593;2,166
5594;2,0906
5595;2,0591
5596;1,9688
5597;1,9373
5598;1,9921
5599;2,024
5600;2,1525
5601;2,1186
5602;2,1744
5603;2,2059
5604;2,2014
5605;2,3323
5606;2,3276
5607;2,2831
5608;2,2964
5609;2,3788
5610;2,2406
5611;2,339
5612;2,4094
5613;2,527
5614;2,4603
5615;2,3707
5616;2,4954
5617;2,3673
5618;2,3829
5619;2,3033
5620;2,4345
5621;2,3251
5622;2,4728
5623;2,5417
5624;2,6195
5625;2,6036
5626;2,5978
5627;2,6232
5628;2,6573
5629;2,5729
5630;2,5667
5631;2,6463
5632;2,5547
5633;2,5508
5634;2,4633
5635;2,4589
5636;2,5143
5637;2,544
5638;2,4674
5639;2,5203
5640;2,462
5641;2,4276
5642;2,498
5643;2,5118
5644;2,645
5645;2,5131
5646;2,225
5647;2,0737
5648;2,0628
5649;2,1516
5650;2,145
5651;2,2496
5652;2,324
5653;2,5366
5654;2,5654
5655;2,87
5656;2,9075
5657;2,8727
5658;2,7464
5659;2,6765
5660;2,7286
5661;2,6376
5662;2,4569
5663;2,5748
5664;2,5932
5665;2,4437
5666;2,5788
5667;2,4961
5668;2,4723
5669;2,3871
5670;2,5715
5671;2,593
5672;2,553
5673;2,6313
5674;2,6302
5675;2,7143
5676;2,7231
5677;2,7539
5678;2,7035
5679;2,8609
5680;2,7693
5681;2,7565
5682;2,6964
5683;2,5934
5684;2,6993
5685;2,6979
5686;2,5024
5687;2,5295
5688;2,7048
5689;2,6417
5690;2,6093
5691;2,5443
5692;2,6348
5693;2,51
5694;2,4864
5695;2,5961
5696;2,6034
5697;2,5152
5698;2,5997
5699;2,6301
5700;2,6225
5701;2,662
5702;2,5676
5703;2,6621
5704;2,5316
5705;2,5585
5706;2,5552
5707;2,5538
5708;2,5869
5709;2,663
5710;2,5637
5711;2,6331
5712;2,484
5713;2,4865
5714;2,5208
5715;2,4433
5716;2,3907
5717;2,1059
5718;2,2891
5719;2,5607
5720;2,4789
5721;2,6095
5722;2,5438
5723;2,5701
5724;2,4815
5725;2,5212
5726;2,4681
5727;2,4218
5728;2,4795
5729;2,5324
5730;2,5499
5731;2,4991
5732;2,4494
5733;2,4202
5734;2,4087
5735;2,2959
5736;2,2673
5737;2,2487
5738;2,2976
5739;2,3701
5740;2,2471
5741;1,8886
5742;2,0107
5743;2,1806
5744;2,0458
5745;2,1755
5746;2,2256
5747;2,2312
5748;2,233
5749;2,2103
5750;2,3154
5751;2,2947
5752;2,2219
5753;2,1359
5754;2,1088
5755;2,2515
5756;2,3803
5757;2,2883
5758;2,409
5759;2,3364
5760;2,3587
5761;2,2999
5762;2,2567
5763;2,2459
5764;2,1661
5765;1,8123
5766;1,8321
5767;1,8336
5768;1,9804
5769;1,9659
5770;2,0342
5771;2,019
5772;1,8985
5773;1,9956
5774;1,9798
5775;1,8988
5776;2,0589
5777;2,0679
5778;2,2303
5779;2,3117
5780;2,4561
5781;2,5821
5782;2,5526
5783;2,3042
5784;2,4885
5785;2,4579
5786;2,4464
5787;2,2204
5788;2,3622
5789;2,2853
5790;2,379
5791;2,3398
5792;2,3915
5793;2,2277
5794;2,1332
5795;2,19
5796;2,2758
5797;2,291
5798;2,1176
5799;2,2981
5800;2,2104
5801;2,1203
5802;2,1781
5803;2,2542
5804;2,2456
5805;2,3001
5806;2,2979
5807;2,6307
5808;2,627
5809;2,528
5810;2,5515
5811;2,499
5812;2,558
5813;2,5051
5814;2,3788
5815;2,5752
5816;2,5392
5817;2,5464
5818;2,581
5819;2,6104
5820;2,5637
5821;2,7095
5822;2,6078
5823;2,7301
5824;2,703
5825;2,6706
5826;2,6362
5827;2,669
5828;2,8371
5829;2,79
5830;2,7565
5831;2,8878
5832;2,7357
5833;2,5566
5834;2,5694
5835;2,5217
5836;2,5239
5837;2,4159
5838;2,5728
5839;2,6178
5840;2,5944
5841;2,4549
5842;2,5808
5843;2,6429
5844;2,5266
5845;2,7696
5846;2,5696
5847;2,7204
5848;2,4779
5849;2,2982
5850;2,4648
5851;2,4902
5852;2,4911
5853;2,5175
5854;2,5278
5855;2,5467
5856;2,5481
5857;2,4926
5858;2,6014
5859;2,5789
5860;2,5132
5861;2,393
5862;2,5011
5863;2,487
5864;2,468
5865;2,5918
5866;2,5347
5867;2,5303
5868;2,5015
5869;2,5633
5870;2,4498
5871;2,6516
5872;2,6395
5873;2,6662
5874;2,5806
5875;2,5892
5876;2,58
5877;2,4827
5878;2,3933
5879;2,4585
5880;2,4318
5881;2,361
5882;2,4425
5883;2,3346
5884;2,3656
5885;2,1639
5886;2,4807
5887;2,509
5888;2,5148
5889;2,5151
5890;2,5761
5891;2,5697
5892;2,5696
5893;2,5909
5894;2,5439
5895;2,5879
5896;2,453
5897;2,4054
5898;2,4195
5899;2,4208
5900;2,3404
5901;2,3367
5902;2,5046
5903;2,4382
5904;2,4344
5905;2,3698
5906;2,3451
5907;2,3273
5908;2,2009
5909;2,2501
5910;2,2782
5911;2,3542
5912;2,2994
5913;2,3259
5914;2,3451
5915;2,2931
5916;2,3018
5917;2,2765
5918;2,3526
5919;2,3493
5920;2,4195
5921;2,3819
5922;2,3957
5923;2,377
5924;2,3631
5925;2,3392
5926;2,3954
5927;2,3529
5928;2,371
5929;2,2663
5930;2,2549
5931;2,1824
5932;2,1056
5933;2,0906
5934;2,1335
5935;2,1821
5936;2,1834
5937;2,2583
5938;2,2593
5939;2,3407
5940;2,232
5941;2,3852
5942;2,3626
5943;2,3377
5944;2,6226
5945;2,5496
5946;2,5254
5947;2,3591
5948;2,5702
5949;2,6061
5950;2,4844
5951;2,5287
5952;2,5726
5953;2,4469
5954;2,3761
5955;2,4628
5956;2,4975
5957;2,3462
5958;2,4533
5959;2,5874
5960;2,5701
5961;2,5401
5962;2,6153
5963;2,7467
5964;2,8067
5965;2,8105
5966;2,6247
5967;2,7325
5968;2,5755
5969;2,5247
5970;2,5604
5971;2,5461
5972;2,4986
5973;2,6004
5974;2,458
5975;2,605
5976;2,5584
5977;2,4619
5978;2,4722
5979;2,5625
5980;2,447
5981;2,3386
5982;2,3086
5983;2,3161
5984;2,2456
5985;2,3024
5986;2,2386
5987;2,3342
5988;2,2405
5989;2,171
5990;2,3016
5991;2,3447
5992;2,2862
5993;2,204
5994;2,2382
5995;2,1756
5996;2,2214
5997;2,2331
5998;2,322
5999;2,5606
6000;2,5924
6001;2,5925
6002;2,6771
6003;2,628
6004;2,424
6005;2,4719
6006;2,572
6007;2,5656
6008;2,6084
6009;2,7012
6010;2,6974
6011;2,6575
6012;2,5191
6013;2,6054
6014;2,5452
6015;2,6636
6016;2,5355
6017;2,5407
6018;2,5001
6019;2,4886
6020;2,4968
6021;2,5539
6022;2,5274
6023;2,589
6024;2,5939
6025;2,4797
6026;2,3517
6027;2,4563
6028;2,6404
6029;2,4927
6030;2,6657
6031;2,616
6032;2,604
6033;2,6923
6034;2,7205
6035;2,7336
6036;2,6173
6037;2,7165
6038;2,5961
6039;2,6116
6040;2,6733
6041;2,6537
6042;2,5687
6043;2,5487
6044;2,5326
6045;2,397
6046;2,5112
6047;2,6072
6048;2,6641
6049;2,5986
6050;2,5412
6051;2,5895
6052;2,5095
6053;2,4157
6054;2,5901
6055;2,6234
6056;2,5659
6057;2,6435
6058;2,586
6059;2,4948
6060;2,5483
6061;2,5661
6062;2,5068
6063;2,5411
6064;2,4959
6065;2,437
6066;2,4937
6067;2,3616
6068;2,3834
6069;2,3759
6070;2,378
6071;2,3393
6072;2,3541
6073;2,3592
6074;2,3025
6075;2,2592
6076;2,1044
6077;2,1356
6078;2,2099
6079;2,305
6080;2,3231
6081;2,3265
6082;2,2944
6083;2,3924
6084;2,4352
6085;2,4477
6086;2,5241
6087;2,5187
6088;2,4843
6089;2,3906
6090;2,4794
6091;2,5779
6092;2,5465
6093;2,5158
6094;2,5552
6095;2,4893
6096;2,4462
6097;2,4505
6098;2,3073
6099;2,3716
6100;2,3061
6101;2,2453
6102;2,1414
6103;2,1375
6104;2,3592
6105;2,3215
6106;2,3641
6107;2,4338
6108;2,5119
6109;2,5633
6110;2,4319
6111;2,4914
6112;2,4337
6113;2,3619
6114;2,4009
6115;2,3136
6116;2,344
6117;2,4973
6118;2,432
6119;2,4397
6120;2,2833
6121;2,4237
6122;2,4595
6123;2,4712
6124;2,4867
6125;2,3098
6126;2,0751
6127;2,0653
6128;2,1145
6129;2,1045
6130;2,0939
6131;2,0984
6132;2,106
6133;2,0618
6134;2,1784
6135;2,3054
6136;2,3444
6137;2,4288
6138;2,5148
6139;2,4798
6140;2,5339
6141;2,5136
6142;2,5288
6143;2,6447
6144;2,5881
6145;2,438
6146;2,4533
6147;2,4745
6148;2,4271
6149;2,3665
6150;2,3508
6151;2,548
6152;2,5373
6153;2,4586
6154;2,4615
6155;2,507
6156;2,376
6157;2,4552
6158;2,453
6159;2,6267
6160;2,5559
6161;2,4984
6162;2,5732
6163;2,5026
6164;2,4635
6165;2,5121
6166;2,4724
6167;2,5422
6168;2,5355
6169;2,3951
6170;2,4879
6171;2,4073
6172;2,4171
6173;2,4254
6174;2,6133
6175;2,55
6176;2,5597
6177;2,6322
6178;2,6512
6179;2,7556
6180;2,714
6181;2,6491
6182;2,6413
6183;2,7211
6184;2,6538
6185;2,5022
6186;2,5125
6187;2,5304
6188;2,6393
6189;2,5302
6190;2,5444
6191;2,6192
6192;2,5174
6193;2,4554
6194;2,4743
6195;2,4793
6196;2,4588
6197;2,3541
6198;2,5413
6199;2,4607
6200;2,1313
6201;2,1883
6202;2,1684
6203;2,1664
6204;2,0713
6205;1,9398
6206;1,9739
6207;2,101
6208;2,147
6209;2,096
6210;2,169
6211;2,176
6212;2,1428
6213;2,2348
6214;2,0934
6215;2,2176
6216;2,2103
6217;2,2605
6218;2,3638
6219;2,2585
6220;2,4028
6221;2,3083
6222;2,6344
6223;2,3824
6224;2,2871
6225;2,2866
6226;2,3107
6227;2,3113
6228;2,4611
6229;2,5527
6230;2,4568
6231;2,5583
6232;2,5437
6233;2,5085
6234;2,4972
6235;2,5211
6236;2,4241
6237;2,3116
6238;2,3089
6239;2,4115
6240;2,5455
6241;2,5114
6242;2,4889
6243;2,3988
6244;2,3647
6245;2,2736
6246;2,2926
6247;2,3676
6248;2,2003
6249;2,2197
6250;2,1839
6251;2,3015
6252;2,3454
6253;2,2797
6254;2,3326
6255;2,1878
6256;2,119
6257;2,378
6258;2,2878
6259;2,3346
6260;2,4034
6261;2,4394
6262;2,4228
6263;2,3759
6264;2,3031
6265;2,345
6266;2,1362
6267;1,9779
6268;1,9966
6269;1,9506
6270;1,8367
6271;1,9737
6272;2,1566
6273;2,1317
6274;2,2439
6275;2,2808
6276;2,2263
6277;2,3222
6278;2,367
6279;2,2481
6280;2,087
6281;2,184
6282;2,2317
6283;2,2355
6284;2,4714
6285;2,46
6286;2,3895
6287;2,4652
6288;2,5181
6289;2,3966
6290;2,4688
6291;2,517
6292;2,5789
6293;2,4169
6294;2,5566
6295;2,4649
6296;2,5027
6297;2,4585
6298;2,4348
6299;2,3866
6300;2,5118
6301;2,5681
6302;2,4276
6303;2,5563
6304;2,582
6305;2,6067
6306;2,6506
6307;2,6202
6308;2,5759
6309;2,6539
6310;2,5815
6311;2,7
6312;2,5576
6313;2,5262
6314;2,5253
6315;2,5264
6316;2,6119
6317;2,3901
6318;2,2518
6319;2,2482
6320;2,3474
6321;2,2705
6322;2,2823
6323;2,3195
6324;2,4734
6325;2,3334
6326;2,2913
6327;2,5514
6328;2,3442
6329;2,2763
6330;2,4141
6331;2,5753
6332;2,516
6333;2,5012
6334;2,4426
6335;2,6062
6336;2,6679
6337;2,6033
6338;2,6996
6339;2,6014
6340;2,5787
6341;2,4541
6342;2,5769
6343;2,6034
6344;2,5189
6345;2,6831
6346;2,5611
6347;2,4853
6348;2,4853
6349;2,4855
6350;2,3563
6351;2,4646
6352;2,4596
6353;2,3248
6354;2,3868
6355;2,4755
6356;2,5191
6357;2,5553
6358;2,41
6359;2,4485
6360;2,4517
6361;2,4716
6362;2,5039
6363;2,3942
6364;2,4713
6365;2,2991
6366;2,3773
6367;2,4268
6368;2,3965
6369;2,4323
6370;2,408
6371;2,5219
6372;2,5216
6373;2,5169
6374;2,4409
6375;2,5314
6376;2,4598
6377;2,4779
6378;2,363
6379;2,3904
6380;2,598
6381;2,6291
6382;2,5134
6383;2,5301
6384;2,5858
6385;2,5398
6386;2,4776
6387;2,5982
6388;2,5179
6389;2,3653
6390;2,5077
6391;2,5577
6392;2,5131
6393;2,4225
6394;2,4959
6395;2,542
6396;2,4987
6397;2,534
6398;2,5184
6399;2,5164
6400;2,4963
6401;2,4012
6402;2,3887
6403;2,4261
6404;2,28
6405;2,4677
6406;2,4854
6407;2,4668
6408;2,5693
6409;2,5148
6410;2,4436
6411;2,4649
6412;2,47
6413;2,379
6414;2,4407
6415;2,4985
6416;2,3935
6417;2,3501
6418;2,4337
6419;2,4706
6420;2,4701
6421;2,5415
6422;2,5711
6423;2,5441
6424;2,4924
6425;2,4842
6426;2,3703
6427;2,4187
6428;2,374
6429;2,4042
6430;2,4209
6431;2,4369
6432;2,4833
6433;2,4712
6434;2,449
6435;2,552
6436;2,4257
6437;2,5031
6438;2,5064
6439;2,4668
6440;2,5759
6441;2,5122
6442;2,4452
6443;2,5785
6444;2,5427
6445;2,502
6446;2,49
6447;2,5341
6448;2,5915
6449;2,471
6450;2,5716
6451;2,4515
6452;2,5266
6453;2,5451
6454;2,594
6455;2,5691
6456;2,5333
6457;2,5156
6458;2,597
6459;2,4101
6460;2,465
6461;2,4863
6462;2,5592
6463;2,5551
6464;2,5361
6465;2,6523
6466;2,5927
6467;2,759
6468;2,6577
6469;2,5728
6470;2,7102
6471;2,6958
6472;2,5918
6473;2,6644
6474;2,6131
6475;2,6364
6476;2,6576
6477;2,594
6478;2,4954
6479;2,5908
6480;2,5614
6481;2,4865
6482;2,3888
6483;2,4876
6484;2,4627
6485;2,1895
6486;2,1167
6487;2,1858
6488;2,1679
6489;2,2323
6490;2,3428
6491;2,3555
6492;2,2042
6493;2,2086
6494;2,326
6495;2,695
6496;2,613
6497;2,624
6498;2,629
6499;2,6311
6500;2,6358
6501;2,6303
6502;2,5279
6503;2,723
6504;2,6973
6505;2,5926
6506;2,6662
6507;2,5855
6508;2,5392
6509;2,5354
6510;2,6409
6511;2,6067
6512;2,6246
6513;2,5889
6514;2,5683
6515;2,5708
6516;2,4837
6517;2,5537
6518;2,5504
6519;2,6671
6520;2,6175
6521;2,562
6522;2,5287
6523;2,4494
6524;2,6185
6525;2,611
6526;2,5466
6527;2,6071
6528;2,6085
6529;2,6193
6530;2,6565
6531;2,6344
6532;2,6007
6533;2,4685
6534;2,5587
6535;2,5242
6536;2,5641
6537;2,5452
6538;2,5893
6539;2,4843
6540;2,3999
6541;2,3172
6542;2,431
6543;2,6259
6544;2,6544
6545;2,5897
6546;2,5843
6547;2,5655
6548;2,5752
6549;2,5964
6550;2,5182
6551;2,4724
6552;2,4582
6553;2,5306
6554;2,5596
6555;2,4658
6556;2,395
6557;2,4335
6558;2,4916
6559;2,5761
6560;2,5894
6561;2,662
6562;2,7562
6563;2,675
6564;2,6271
6565;2,4901
6566;2,3894
6567;2,6684
6568;2,6112
6569;2,6096
6570;2,6096
6571;2,6091
6572;2,5687
6573;2,589
6574;2,5998
6575;2,5189
6576;2,6206
6577;2,5113
6578;2,5255
6579;2,4879
6580;2,4768
6581;2,4669
6582;2,5388
6583;2,61
6584;2,6196
6585;2,6514
6586;2,5851
6587;2,626
6588;2,6936
6589;2,612
6590;2,616
6591;2,6571
6592;2,5589
6593;2,535
6594;2,5531
6595;2,514
6596;2,5325
6597;2,4211
6598;2,4532
6599;2,4688
6600;2,3956
6601;2,427
6602;2,4244
6603;2,4887
6604;2,368
6605;2,3639
6606;2,3534
6607;2,3431
6608;2,3722
6609;2,4374
6610;2,4341
6611;2,4536
6612;2,4173
6613;2,4794
6614;2,4696
6615;2,4764
6616;2,5227
6617;2,4638
6618;2,4249
6619;2,4081
6620;2,4863
6621;2,5259
6622;2,4996
6623;2,5907
6624;2,6158
6625;2,5227
6626;2,5753
6627;2,5396
6628;2,5072
6629;2,3217
6630;1,6444
6631;1,2406
6632;2,0408
6633;2,2393
6634;2,3708
6635;2,4945
6636;2,4332
6637;2,3868
6638;2,2748
6639;2,5534
6640;2,634
6641;2,4924
6642;2,5604
6643;2,5253
6644;2,5446
6645;2,5255
6646;2,552
6647;2,5878
6648;2,5068
6649;2,3933
6650;2,4317
6651;2,3582
6652;2,382
6653;2,2262
6654;2,1245
6655;2,1486
6656;2,1647
6657;2,1584
6658;2,3576
6659;2,3073
6660;2,2356
6661;2,2617
6662;2,2898
6663;2,3125
6664;2,2606
6665;2,2599
6666;2,2444
6667;2,2251
6668;2,1811
6669;2,1556
6670;2,0803
6671;2,2807
6672;2,4123
6673;2,1611
6674;2,4353
6675;2,402
6676;2,4961
6677;2,3843
6678;2,4146
6679;2,4877
6680;2,5818
6681;2,5822
6682;2,5242
6683;2,4483
6684;2,5053
6685;2,5434
6686;2,5079
6687;2,5082
6688;2,4194
6689;2,5549
6690;2,4977
6691;2,5066
6692;2,5183
6693;2,5536
6694;2,5009
6695;2,621
6696;2,6409
6697;2,542
6698;2,6105
6699;2,5253
6700;2,5373
6701;2,4912
6702;2,5932
6703;2,5313
6704;2,5878
6705;2,4594
6706;2,4041
6707;2,5441
6708;2,456
6709;2,4413
6710;2,4159
6711;2,5874
6712;2,5656
6713;2,4837
6714;2,4595
6715;2,6384
6716;2,7019
6717;2,6623
6718;2,5391
6719;2,6613
6720;2,6308
6721;2,5479
6722;2,6892
6723;2,6589
6724;2,536
6725;2,4195
6726;2,5286
6727;2,5064
6728;2,4675
6729;2,5892
6730;2,6084
6731;2,5919
6732;2,4446
6733;2,5071
6734;2,3965
6735;2,5127
6736;2,469
6737;2,4737
6738;2,4799
6739;2,4869
6740;2,4422
6741;2,4184
6742;2,481
6743;2,3305
6744;2,458
6745;2,3748
6746;2,3346
6747;2,408
6748;2,3953
6749;2,3529
6750;2,4338
6751;2,4999
6752;2,415
6753;2,4902
6754;2,4934
6755;2,4892
6756;2,4041
6757;2,4102
6758;2,5205
6759;2,4939
6760;2,4869
6761;2,4228
6762;2,3985
6763;2,3051
6764;2,4146
6765;2,333
6766;2,4094
6767;2,519
6768;2,5309
6769;2,4171
6770;2,4226
6771;2,4054
6772;2,2757
6773;2,4443
6774;2,314
6775;2,2984
6776;2,417
6777;2,4251
6778;2,4849
6779;2,5643
6780;2,52
6781;2,487
6782;2,4333
6783;2,4229
6784;2,3984
6785;2,3554
6786;2,4498
6787;2,3711
6788;2,4773
6789;2,5159
6790;2,4609
6791;2,5673
6792;2,5471
6793;2,5218
6794;2,5081
6795;2,514
6796;2,5041
6797;2,3143
6798;2,436
6799;2,5214
6800;2,5113
6801;2,4505
6802;2,4784
6803;2,5294
6804;2,4847
6805;2,5561
6806;2,4344
6807;2,5893
6808;2,591
6809;2,4857
6810;2,4698
6811;2,6218
6812;2,6652
6813;2,6929
6814;2,6286
6815;2,6199
6816;2,7093
6817;2,6731
6818;2,5482
6819;2,4799
6820;2,4967
6821;2,3706
6822;2,2659
6823;2,2292
6824;2,2125
6825;2,1939
6826;2,1638
6827;2,1166
6828;2,0224
6829;2,1121
6830;2,0579
6831;2,3024
6832;2,4924
6833;2,483
6834;2,5942
6835;2,5095
6836;2,6028
6837;2,7502
6838;2,6047
6839;2,5952
6840;2,7009
6841;2,6566
6842;2,6887
6843;2,6877
6844;2,5879
6845;2,3945
6846;2,598
6847;2,5689
6848;2,5755
6849;2,49
6850;2,5719
6851;2,6345
6852;2,5955
6853;2,6446
6854;2,6515
6855;2,7115
6856;2,6319
6857;2,4517
6858;2,4779
6859;2,5069
6860;2,653
6861;2,6
6862;2,4129
6863;2,4502
6864;2,511
6865;2,4945
6866;2,5129
6867;2,5044
6868;2,2697
6869;2,2158
6870;2,4861
6871;2,435
6872;2,397
6873;2,5933
6874;2,6245
6875;2,6547
6876;2,6337
6877;2,5538
6878;2,4757
6879;2,5337
6880;2,5854
6881;2,574
6882;2,5279
6883;2,5235
6884;2,57
6885;2,662
6886;2,601
6887;2,6233
6888;2,6654
6889;2,5477
6890;2,5868
6891;2,5378
6892;2,5153
6893;2,3075
6894;2,3947
6895;2,3915
6896;2,5088
6897;2,5705
6898;2,562
6899;2,5596
6900;2,4906
6901;2,5571
6902;2,5019
6903;2,5614
6904;2,6209
6905;2,5349
6906;2,5145
6907;2,578
6908;2,4872
6909;2,5533
6910;2,5352
6911;2,4684
6912;2,5294
6913;2,4717
6914;2,437
6915;2,4392
6916;2,3763
6917;2,4036
6918;2,4163
6919;2,4944
6920;2,4738
6921;2,447
6922;2,4917
6923;2,4843
6924;2,5684
6925;2,5537
6926;2,484
6927;2,4497
6928;2,5056
6929;2,4175
6930;2,4268
6931;2,5378
6932;2,5263
6933;2,3998
6934;2,4329
6935;2,432
6936;2,408
6937;2,5096
6938;2,3801
6939;2,371
6940;2,4043
6941;2,381
6942;2,2775
6943;2,437
6944;2,4862
6945;2,3709
6946;2,5037
6947;2,4584
6948;2,4647
6949;2,4352
6950;2,4392
6951;2,4953
6952;2,5103
6953;2,4409
6954;2,5273
6955;2,4067
6956;2,4871
6957;2,4635
6958;2,5114
6959;2,585
6960;2,4527
6961;2,5616
6962;2,5115
6963;2,5016
6964;2,4595
6965;2,2314
6966;2,0708
6967;2,0559
6968;2,1842
6969;2,1258
6970;2,0827
6971;2,2109
6972;2,1665
6973;2,2472
6974;2,3482
6975;2,5696
6976;2,5634
6977;2,6063
6978;2,6692
6979;2,6503
6980;2,7128
6981;2,7078
6982;2,6037
6983;2,6609
6984;2,6849
6985;2,5376
6986;2,5099
6987;2,6551
6988;2,6616
6989;2,5551
6990;2,3293
6991;2,2464
6992;2,2781
6993;2,2968
6994;2,3642
6995;2,4021
6996;2,5586
6997;2,5971
6998;2,592
6999;2,7939
7000;2,742
7001;2,734
7002;2,7838
7003;2,7683
7004;2,7474
7005;2,7886
7006;2,7039
7007;2,876
7008;2,8098
7009;2,6639
7010;2,789
7011;2,7223
7012;2,6939
7013;2,6481
7014;2,8026
7015;2,8334
7016;2,7153
7017;2,5489
7018;2,5492
7019;2,8835
7020;2,9478
7021;2,8686
7022;2,8565
7023;2,9107
7024;2,8329
7025;2,8184
7026;2,7884
7027;2,8142
7028;2,748
7029;2,7624
7030;2,6472
7031;2,7338
7032;2,5916
7033;2,6108
7034;2,6899
7035;2,6925
7036;2,7406
7037;2,6629
7038;2,7978
7039;2,7961
7040;2,8091
7041;2,8011
7042;2,7549
7043;2,8486
7044;2,7934
7045;2,8081
7046;2,5529
7047;2,8059
7048;2,8002
7049;2,7943
7050;2,7532
7051;2,7048
7052;2,7877
7053;2,7119
7054;2,5719
7055;2,7643
7056;2,7799
7057;2,7514
7058;2,8474
7059;2,7392
7060;2,6663
7061;2,5521
7062;2,6934
7063;2,6807
7064;2,6958
7065;2,6789
7066;2,7143
7067;2,7916
7068;2,6899
7069;2,7284
7070;2,6801
7071;2,7147
7072;2,6363
7073;2,5574
7074;2,5343
7075;2,5852
7076;2,5805
7077;2,6371
7078;2,6773
7079;2,7074
7080;2,6702
7081;2,6444
7082;2,5584
7083;2,5903
7084;2,5922
7085;2,5935
7086;2,6208
7087;2,646
7088;2,5538
7089;2,585
7090;2,5198
7091;2,4587
7092;2,5304
7093;2,4455
7094;2,3596
7095;2,4411
7096;2,5108
7097;2,5336
7098;2,3757
7099;2,2227
7100;2,2301
7101;2,3547
7102;2,5368
7103;2,5957
7104;2,5786
7105;2,6222
7106;2,5698
7107;2,5094
7108;2,439
7109;2,4785
7110;2,3
7111;2,3569
7112;2,4038
7113;2,4011
7114;2,3518
7115;2,4315
7116;2,515
7117;2,5411
7118;2,5739
7119;2,5749
7120;2,4761
7121;2,4827
7122;2,5143
7123;2,3632
7124;2,4207
7125;2,5236
7126;2,4911
7127;2,4943
7128;2,5582
7129;2,4743
7130;2,5413
7131;2,3971
7132;2,5056
7133;2,4526
7134;2,5429
7135;2,658
7136;2,7146
7137;2,7153
7138;2,552
7139;2,5574
7140;2,474
7141;2,4777
7142;2,3713
7143;2,5014
7144;2,4666
7145;2,4093
7146;2,4196
7147;2,5322
7148;2,7534
7149;2,6823
7150;2,5989
7151;2,7105
7152;2,6541
7153;2,5459
7154;2,507
7155;2,5846
7156;2,5238
7157;2,3224
7158;2,2257
7159;2,3025
7160;2,3023
7161;2,2925
7162;2,3825
7163;2,3321
7164;2,4299
7165;2,3592
7166;2,2842
7167;2,4991
7168;2,5988
7169;2,5267
7170;2,6009
7171;2,4534
7172;2,5144
7173;2,5483
7174;2,5657
7175;2,7139
7176;2,6995
7177;2,6279
7178;2,6266
7179;2,6524
7180;2,6417
7181;2,4914
7182;2,6075
7183;2,5677
7184;2,5985
7185;2,5548
7186;2,6106
7187;2,5673
7188;2,6943
7189;2,6754
7190;2,5913
7191;2,6539
7192;2,7737
7193;2,6704
7194;2,6354
7195;2,6184
7196;2,6995
7197;2,6661
7198;2,5712
7199;2,7154
7200;2,6706
7201;2,4412
7202;2,5776
7203;2,504
7204;2,5468
7205;2,4555
7206;2,6747
7207;2,6726
7208;2,6294
7209;2,7452
7210;2,7509
7211;2,7931
7212;2,7206
7213;2,8072
7214;2,6894
7215;2,672
7216;2,6946
7217;2,7131
7218;2,6467
7219;2,6119
7220;2,6687
7221;2,7217
7222;2,6098
7223;2,712
7224;2,7023
7225;2,6624
7226;2,6685
7227;2,6429
7228;2,5756
7229;2,5694
7230;2,7204
7231;2,7683
7232;2,6985
7233;2,7793
7234;2,6926
7235;2,6511
7236;2,6191
7237;2,7003
7238;2,7303
7239;2,7015
7240;2,6731
7241;2,6867
7242;2,6443
7243;2,6841
7244;2,6571
7245;2,7223
7246;2,7541
7247;2,6777
7248;2,6666
7249;2,6005
7250;2,5692
7251;2,6264
7252;2,5958
7253;2,5475
7254;2,5678
7255;2,6539
7256;2,6209
7257;2,7046
7258;2,7008
7259;2,649
7260;2,6801
7261;2,5641
7262;2,4999
7263;2,4714
7264;2,4623
7265;2,444
7266;2,4833
7267;2,528
7268;2,5461
7269;2,4821
7270;2,5245
7271;2,5654
7272;2,5818
7273;2,666
7274;2,6314
7275;2,5639
7276;2,5206
7277;2,4389
7278;2,481
7279;2,3807
7280;2,3813
7281;2,5248
7282;2,5567
7283;2,5454
7284;2,5916
7285;2,5043
7286;2,4704
7287;2,5086
7288;2,5137
7289;2,4289
7290;2,5195
7291;2,5083
7292;2,3561
7293;2,6286
7294;2,6429
7295;2,5606
7296;2,5999
7297;2,6652
7298;2,6117
7299;2,5981
7300;2,5664
7301;2,55
7302;2,3861
7303;2,5351
7304;2,5927
7305;2,5013
7306;2,5208
7307;2,5336
7308;2,5567
7309;2,5476
7310;2,5943
7311;2,6273
7312;2,6734
7313;2,7112
7314;2,6663
7315;2,6921
7316;2,6652
7317;2,7071
7318;2,6921
7319;2,6777
7320;2,557
7321;2,3139
7322;2,1221
7323;2,2599
7324;2,217
7325;2,2247
7326;1,987
7327;1,8456
7328;1,879
7329;1,7669
7330;1,8703
7331;1,976
7332;1,9055
7333;1,9448
7334;2,2753
7335;2,5236
7336;2,4865
7337;2,4843
7338;2,5574
7339;2,667
7340;2,609
7341;2,7242
7342;2,7235
7343;2,6462
7344;2,6966
7345;2,8217
7346;2,6845
7347;2,6592
7348;2,6024
7349;2,6687
7350;2,5114
7351;2,6191
7352;2,5838
7353;2,6629
7354;2,6552
7355;2,6505
7356;2,6064
7357;2,5674
7358;2,5865
7359;2,5034
7360;2,5989
7361;2,4902
7362;2,5964
7363;2,4996
7364;2,5115
7365;2,5275
7366;2,6003
7367;2,5471
7368;2,6585
7369;2,706
7370;2,6634
7371;2,5453
7372;2,6939
7373;2,7206
7374;2,625
7375;2,7066
7376;2,7072
7377;2,5975
7378;2,5717
7379;2,5486
7380;2,6176
7381;2,5862
7382;2,5831
7383;2,5671
7384;2,6674
7385;2,674
7386;2,7151
7387;2,5946
7388;2,6075
7389;2,6334
7390;2,6458
7391;2,6023
7392;2,6121
7393;2,5527
7394;2,5045
7395;2,4632
7396;2,5323
7397;2,531
7398;2,4762
7399;2,5532
7400;2,5338
7401;2,6609
7402;2,707
7403;2,5936
7404;2,5943
7405;2,5843
7406;2,655
7407;2,575
7408;2,499
7409;2,5026
7410;2,4458
7411;2,5002
7412;2,5704
7413;2,5429
7414;2,609
7415;2,5965
7416;2,5323
7417;2,6148
7418;2,6178
7419;2,5749
7420;2,7342
7421;2,6202
7422;2,4926
7423;2,5422
7424;2,5157
7425;2,4101
7426;2,4268
7427;2,4491
7428;2,4589
7429;2,3982
7430;2,4365
7431;2,3887
7432;2,4378
7433;2,5051
7434;2,4686
7435;2,4508
7436;2,5342
7437;2,6048
7438;2,4838
7439;2,4772
7440;2,497
7441;2,5023
7442;2,5282
7443;2,3865
7444;2,4159
7445;2,3786
7446;2,3503
7447;2,2987
7448;2,2779
7449;2,3217
7450;2,4464
7451;2,4699
7452;2,5085
7453;2,4529
7454;2,4344
7455;2,4904
7456;2,4339
7457;2,4229
7458;2,3959
7459;2,4709
7460;2,0895
7461;2,1891
7462;2,1823
7463;2,2206
7464;2,1965
7465;2,1938
7466;2,247
7467;2,2137
7468;2,1822
7469;2,1641
7470;2,0771
7471;2,176
7472;2,1545
7473;2,2013
7474;2,3444
7475;2,324
7476;2,3309
7477;2,2995
7478;2,4155
7479;2,5417
7480;2,7405
7481;2,6814
7482;2,5919
7483;2,5585
7484;2,5685
7485;2,6283
7486;2,6694
7487;2,7202
7488;2,7619
7489;2,6916
7490;2,6992
7491;2,6798
7492;2,6471
7493;2,6136
7494;2,5538
7495;2,5899
7496;2,5404
7497;2,554
7498;2,503
7499;2,5424
7500;2,5609
7501;2,5919
7502;2,5753
7503;2,4995
7504;2,7015
7505;2,6206
7506;2,5361
7507;2,6055
7508;2,5052
7509;2,3379
7510;2,3671
7511;2,361
7512;2,48
7513;2,4229
7514;2,4095
7515;2,6292
7516;2,6668
7517;2,5945
7518;2,5456
7519;2,581
7520;2,6152
7521;2,6019
7522;2,6834
7523;2,744
7524;2,7526
7525;2,7268
7526;2,759
7527;2,6715
7528;2,7198
7529;2,6332
7530;2,7522
7531;2,6119
7532;2,5673
7533;2,5889
7534;2,6667
7535;2,6204
7536;2,5741
7537;2,6686
7538;2,6924
7539;2,709
7540;2,5935
7541;2,5961
7542;2,5349
7543;2,6915
7544;2,6439
7545;2,5019
7546;2,451
7547;2,56
7548;2,5929
7549;2,6036
7550;2,5036
7551;2,2612
7552;2,2768
7553;2,5334
7554;2,5963
7555;2,663
7556;2,6654
7557;2,6259
7558;2,6525
7559;2,5861
7560;2,6616
7561;2,586
7562;2,5716
7563;2,5971
7564;2,5306
7565;2,5306
7566;2,49
7567;2,7199
7568;2,6395
7569;2,6961
7570;2,6323
7571;2,643
7572;2,6469
7573;2,6026
7574;2,6474
7575;2,607
7576;2,6559
7577;2,5495
7578;2,5647
7579;2,5318
7580;2,6173
7581;2,5531
7582;2,5547
7583;2,7553
7584;2,708
7585;2,695
7586;2,622
7587;2,6926
7588;2,5898
7589;2,6275
7590;2,3688
7591;2,5149
7592;2,5282
7593;2,4873
7594;2,5458
7595;2,5903
7596;2,5745
7597;2,563
7598;2,3999
7599;2,5723
7600;2,609
7601;2,5653
7602;2,5597
7603;2,6111
7604;2,5621
7605;2,5177
7606;2,54
7607;2,5603
7608;2,6331
7609;2,6671
7610;2,6389
7611;2,6097
7612;2,5874
7613;2,4297
7614;2,5223
7615;2,3671
7616;2,4223
7617;2,5689
7618;2,5915
7619;2,6246
7620;2,6654
7621;2,5959
7622;2,5576
7623;2,5646
7624;2,394
7625;2,5841
7626;2,6175
7627;2,6832
7628;2,553
7629;2,7231
7630;2,6715
7631;2,6715
7632;2,6745
7633;2,8209
7634;2,7161
7635;2,6521
7636;2,6272
7637;2,7214
7638;2,6492
7639;2,6947
7640;2,6768
7641;2,804
7642;2,5199
7643;2,508
7644;2,5168
7645;2,5018
7646;2,4295
7647;2,3776
7648;2,4442
7649;2,4379
7650;2,5949
7651;2,7792
7652;2,7743
7653;2,5665
7654;2,4482
7655;2,4971
7656;2,7622
7657;2,6894
7658;2,4775
7659;2,6608
7660;2,7
7661;2,8099
7662;2,727
7663;2,8193
7664;2,7545
7665;2,7366
7666;2,7395
7667;2,7495
7668;2,7049
7669;2,6875
7670;2,7555
7671;2,6355
7672;2,7113
7673;2,6126
7674;2,6599
7675;2,6648
7676;2,6111
7677;2,6242
7678;2,6608
7679;2,5438
7680;2,5525
7681;2,6382
7682;2,553
7683;2,5981
7684;2,512
7685;2,4714
7686;2,3774
7687;2,4986
7688;2,5273
7689;2,6945
7690;2,819
7691;2,7791
7692;2,8124
7693;2,7245
7694;2,6485
7695;2,5673
7696;2,7746
7697;2,7426
7698;2,6743
7699;2,7038
7700;2,6963
7701;2,7159
7702;2,7096
7703;2,5128
7704;2,7044
7705;2,6263
7706;2,5329
7707;2,5489
7708;2,6255
7709;2,5408
7710;2,4684
7711;2,494
7712;2,6685
7713;2,6555
7714;2,6236
7715;2,6848
7716;2,6608
7717;2,6303
7718;2,601
7719;2,6776
7720;2,8012
7721;2,8155
7722;2,7837
7723;2,6901
7724;2,7271
7725;2,7418
7726;2,7093
7727;2,4967
7728;2,6512
7729;2,6328
7730;2,6227
7731;2,6338
7732;2,5795
7733;2,4998
7734;2,4031
7735;2,5202
7736;2,6452
7737;2,6641
7738;2,6383
7739;2,5087
7740;2,5482
7741;2,684
7742;2,7332
7743;2,7327
7744;2,6653
7745;2,6221
7746;2,6127
7747;2,5586
7748;2,5903
7749;2,6869
7750;2,68
7751;2,7091
7752;2,6488
7753;2,6635
7754;2,5906
7755;2,5958
7756;2,5579
7757;2,5846
7758;2,5359
7759;2,5942
7760;2,63
7761;2,6666
7762;2,5779
7763;2,6083
7764;2,5752
7765;2,6386
7766;2,6017
7767;2,65
7768;2,6533
7769;2,6196
7770;2,5408
7771;2,5761
7772;2,5932
7773;2,6908
7774;2,6352
7775;2,6789
7776;2,6395
7777;2,6693
7778;2,5947
7779;2,6153
7780;2,5862
7781;2,4549
7782;2,597
7783;2,5295
7784;2,4895
7785;2,5859
7786;2,5527
7787;2,524
7788;2,496
7789;2,4714
7790;2,4425
7791;2,4229
7792;2,4431
7793;2,5493
7794;2,5541
7795;2,6435
7796;2,5392
7797;2,529
7798;2,6316
7799;2,6184
7800;2,7101
7801;2,7185
7802;2,5916
7803;2,4912
7804;2,5325
7805;2,4113
7806;2,4065
7807;2,6255
7808;2,6132
7809;2,6781
7810;2,6592
7811;2,7105
7812;2,8765
7813;2,7497
7814;2,7212
7815;2,6839
7816;2,7993
7817;2,6888
7818;2,7648
7819;2,7558
7820;2,8036
7821;2,7409
7822;2,7549
7823;2,6477
7824;2,7318
7825;2,7469
7826;2,6438
7827;2,7182
7828;2,7432
7829;2,7304
7830;2,5421
7831;2,3904
7832;2,4593
7833;2,4715
7834;2,426
7835;2,469
7836;2,4452
7837;2,4152
7838;2,4587
7839;2,4912
7840;2,5775
7841;2,7447
7842;2,6035
7843;2,3775
7844;2,4596
7845;2,6587
7846;2,7461
7847;2,54
7848;2,7671
7849;2,6782
7850;2,6774
7851;2,714
7852;2,784
7853;2,6891
7854;2,6412
7855;2,718
7856;2,6556
7857;2,6219
7858;2,6635
7859;2,7348
7860;2,7415
7861;2,5537
7862;2,4466
7863;2,6791
7864;2,8014
7865;2,8061
7866;2,8934
7867;2,81
7868;2,7392
7869;2,6495
7870;2,7298
7871;2,6081
7872;2,7158
7873;2,6496
7874;2,6895
7875;2,7776
7876;2,7014
7877;2,6837
7878;2,6409
7879;2,7907
7880;2,72
7881;2,6397
7882;2,5497
7883;2,6439
7884;2,7216
7885;2,71
7886;2,738
7887;2,6818
7888;2,8167
7889;2,7642
7890;2,762
7891;2,7357
7892;2,7309
7893;2,8307
7894;2,7867
7895;2,7034
7896;2,8296
7897;2,8213
7898;2,7216
7899;2,6706
7900;2,3735
7901;2,5357
7902;2,5453
7903;2,835
7904;2,7885
7905;2,8273
7906;2,6636
7907;2,5444
7908;2,4417
7909;2,6987
7910;2,7736
7911;2,8936
7912;2,9365
7913;2,7959
7914;2,7275
7915;2,7453
7916;2,67
7917;2,67
7918;2,7502
7919;2,8329
7920;2,7558
7921;2,7489
7922;2,6692
7923;2,61
7924;2,6156
7925;2,6387
7926;2,498
7927;2,5732
7928;2,6019
7929;2,5444
7930;2,5447
7931;2,7296
7932;2,8439
7933;2,8243
7934;2,7712
7935;2,7607
7936;2,6319
7937;2,716
7938;2,6975
7939;2,6757
7940;2,6505
7941;2,7178
7942;2,5455
7943;2,6083
7944;2,5743
7945;2,6533
7946;2,5935
7947;2,4266
7948;2,5566
7949;2,6142
7950;2,6683
7951;2,5633
7952;2,6255
7953;2,5577
7954;2,6088
7955;2,6198
7956;2,5333
7957;2,5544
7958;2,5858
7959;2,6585
7960;2,5009
7961;2,5808
7962;2,5777
7963;2,6195
7964;2,5427
7965;2,5651
7966;2,6736
7967;2,6707
7968;2,6655
7969;2,6568
7970;2,666
7971;2,5866
7972;2,5728
7973;2,6398
7974;2,5396
7975;2,5696
7976;2,6721
7977;2,6392
7978;2,725
7979;2,7293
7980;2,7793
7981;2,7652
7982;2,8648
7983;2,8864
7984;2,9256
7985;2,9501
7986;2,8506
7987;2,8163
7988;2,7347
7989;2,9047
7990;2,8257
7991;2,6925
7992;2,7153
7993;2,8074
7994;2,6889
7995;2,6924
7996;2,5618
7997;2,6987
7998;2,6277
7999;2,3535
8000;2,291
8001;2,3436
8002;2,3651
8003;2,386
8004;2,3288
8005;2,395
8006;2,4051
8007;2,1228
8008;2,1437
8009;2,4216
8010;2,4431
8011;2,4828
8012;2,4567
8013;2,6732
8014;2,4761
8015;2,6338
8016;2,7171
8017;2,7489
8018;2,5452
8019;2,4414
8020;2,3966
8021;2,4039
8022;2,3397
8023;2,4322
8024;2,4449
8025;2,5024
8026;2,4776
8027;2,4892
8028;2,7841
8029;2,7809
8030;2,8302
8031;2,799
8032;2,856
8033;2,8954
8034;2,8551
8035;2,9191
8036;2,9436
8037;2,9024
8038;2,8754
8039;2,903
8040;3,0384
8041;2,948
8042;2,836
8043;2,8403
8044;2,7305
8045;2,791
8046;2,6942
8047;2,7711
8048;2,7406
8049;2,6945
8050;2,5038
8051;2,6191
8052;2,6778
8053;2,6788
8054;2,732
8055;2,8087
8056;2,9412
8057;2,8191
8058;2,7436
8059;2,7142
8060;2,6877
8061;2,7347
8062;2,72
8063;2,5821
8064;2,6661
8065;2,6623
8066;2,5963
8067;2,7489
8068;2,7869
8069;2,7548
8070;2,6272
8071;2,7667
8072;2,7978
8073;2,7591
8074;2,4463
8075;2,6975
8076;2,7354
8077;2,7208
8078;2,8404
8079;2,8412
8080;2,8361
8081;2,7488
8082;2,818
8083;2,759
8084;2,793
8085;2,7281
8086;2,7088
8087;2,6699
8088;2,643
8089;2,7158
8090;2,672
8091;2,5661
8092;2,5468
8093;2,707
8094;2,6889
8095;2,7319
8096;2,6683
8097;2,6694
8098;2,6858
8099;2,6729
8100;2,7078
8101;2,7129
8102;2,6819
8103;2,6167
8104;2,698
8105;2,6688
8106;2,5649
8107;2,5574
8108;2,6871
8109;2,6558
8110;2,5609
8111;2,6062
8112;2,6186
8113;2,6731
8114;2,8254
8115;2,742
8116;2,733
8117;2,6253
8118;2,6585
8119;2,7151
8120;2,7126
8121;2,7563
8122;2,6982
8123;2,7567
8124;2,7177
8125;2,5588
8126;2,5971
8127;2,6058
8128;2,6673
8129;2,6811
8130;2,6468
8131;2,7036
8132;2,4774
8133;2,6734
8134;2,7325
8135;2,6321
8136;2,6748
8137;2,7307
8138;2,6914
8139;2,6317
8140;2,6407
8141;2,5743
8142;2,5426
8143;2,6678
8144;2,602
8145;2,6295
8146;2,6092
8147;2,6134
8148;2,7211
8149;2,8403
8150;2,7287
8151;2,7312
8152;2,9802
8153;2,9027
8154;2,9529
8155;2,9119
8156;3,0005
8157;2,8908
8158;2,8945
8159;2,7517
8160;2,909
8161;2,8571
8162;2,8175
8163;2,7694
8164;2,762
8165;2,5848
8166;2,3897
8167;2,2849
8168;2,2851
8169;2,2902
8170;2,2459
8171;2,3829
8172;2,4496
8173;2,6577
8174;2,7416
8175;2,7056
8176;2,7951
8177;2,7082
8178;2,8516
8179;2,8332
8180;2,7884
8181;2,8541
8182;2,8874
8183;2,7834
8184;2,8821
8185;2,8799
8186;2,8271
8187;2,8441
8188;2,8006
8189;2,7095
8190;2,6347
8191;2,8077
8192;2,8535
8193;2,7882
8194;2,8036
8195;2,7334
8196;2,8117
8197;2,7118
8198;2,8605
8199;2,796
8200;2,8901
8201;2,8822
8202;2,9085
8203;2,8622
8204;2,8224
8205;2,8552
8206;2,8898
8207;2,7985
8208;2,7902
8209;2,7206
8210;2,7048
8211;2,7108
8212;2,6658
8213;2,7579
8214;2,6528
8215;2,7741
8216;2,7269
8217;2,8856
8218;2,7671
8219;2,7609
8220;2,8623
8221;2,8065
8222;2,8067
8223;2,7957
8224;2,8129
8225;2,8091
8226;2,814
8227;2,8176
8228;2,7399
8229;2,7781
8230;2,6719
8231;2,5362
8232;2,7092
8233;2,6642
8234;2,4875
8235;2,5609
8236;2,5361
8237;2,5936
8238;2,4208
8239;2,7292
8240;2,6611
8241;2,6525
8242;2,6582
8243;2,6378
8244;2,6924
8245;2,6045
8246;2,7726
8247;2,7374
8248;2,7302
8249;2,6825
8250;2,5848
8251;2,605
8252;2,7116
8253;2,6753
8254;2,7743
8255;2,7388
8256;2,7632
8257;2,808
8258;2,7841
8259;2,8071
8260;2,7367
8261;2,628
8262;2,7148
8263;2,7557
8264;2,8306
8265;2,6489
8266;2,7458
8267;2,6276
8268;2,6221
8269;2,5966
8270;2,602
8271;2,6584
8272;2,6666
8273;2,6251
8274;2,6688
8275;2,692
8276;2,7483
8277;2,7963
8278;2,7087
8279;2,7684
8280;2,7924
8281;2,7894
8282;2,8564
8283;2,7529
8284;2,7113
8285;2,7782
8286;2,7993
8287;2,672
8288;2,6759
8289;2,6879
8290;2,7003
8291;2,7351
8292;2,6923
8293;2,6969
8294;2,7573
8295;2,7193
8296;2,735
8297;2,6948
8298;2,6215
8299;2,6318
8300;2,5457
8301;2,712
8302;2,7126
8303;2,6637
8304;2,7941
8305;2,9088
8306;2,784
8307;2,8136
8308;2,7869
8309;2,7913
8310;2,694
8311;2,8605
8312;2,8537
8313;2,9413
8314;2,9137
8315;2,8921
8316;2,8461
8317;2,8418
8318;2,7434
8319;2,717
8320;2,9513
8321;3,0802
8322;2,9735
8323;2,9735
8324;2,8594
8325;2,8564
8326;2,8393
8327;2,7376
8328;2,9241
8329;2,8785
8330;2,7798
8331;2,8335
8332;2,7737
8333;2,748
8334;2,4832
8335;2,2802
8336;2,3405
8337;2,3194
8338;2,2161
8339;2,2482
8340;2,3172
8341;2,3334
8342;2,3875
8343;2,486
8344;2,6008
8345;2,4891
8346;2,4613
8347;2,4377
8348;2,3837
8349;2,4384
8350;2,5798
8351;2,5679
8352;2,7668
8353;2,717
8354;2,721
8355;2,7439
8356;2,6676
8357;2,5375
8358;2,5938
8359;2,6649
8360;2,6408
8361;2,601
8362;2,699
8363;2,7596
8364;2,6885
8365;2,6863
8366;2,7455
8367;2,6058
8368;2,7661
8369;2,7137
8370;2,8517
8371;2,8247
8372;2,9148
8373;2,8648
8374;2,828
8375;2,7252
8376;2,8206
8377;2,8059
8378;2,7665
8379;2,8696
8380;2,8351
8381;2,842
8382;2,7665
8383;2,8586
8384;2,8487
8385;2,9711
8386;2,8879
8387;2,7595
8388;2,7898
8389;2,7723
8390;2,7808
8391;2,7962
8392;2,8052
8393;2,7899
8394;2,8543
8395;2,7479
8396;2,733
8397;2,784
8398;2,8498
8399;2,7027
8400;2,769
8401;2,6684
8402;2,6434
8403;2,6819
8404;2,6464
8405;2,6389
8406;2,5411
8407;2,6867
8408;2,754
8409;2,765
8410;2,7811
8411;2,8472
8412;2,7554
8413;2,7165
8414;2,8671
8415;2,8184
8416;2,8513
8417;2,7476
8418;2,6989
8419;2,7052
8420;2,7604
8421;2,708
8422;2,8138
8423;2,7557
8424;2,7394
8425;2,7617
8426;2,6817
8427;2,6755
8428;2,6439
8429;2,5391
8430;2,5843
8431;2,6158
8432;2,6442
8433;2,6908
8434;2,4361
8435;2,3189
8436;2,3
8437;2,3032
8438;2,1263
8439;2,1771
8440;2,239
8441;2,3464
8442;2,3932
8443;2,3687
8444;2,4648
8445;2,6888
8446;2,6314
8447;2,5575
8448;2,7336
8449;2,6959
8450;2,704
8451;2,5616
8452;2,6122
8453;2,5973
8454;2,5313
8455;2,422
8456;2,471
8457;2,5707
8458;2,5024
8459;2,6005
8460;2,6207
8461;2,5713
8462;2,5265
8463;2,4707
8464;2,5436
8465;2,5411
8466;2,5578
8467;2,6933
8468;2,575
8469;2,7529
8470;2,8322
8471;2,7772
8472;2,8194
8473;2,8006
8474;2,7558
8475;2,6389
8476;2,6174
8477;2,602
8478;2,5156
8479;2,6601
8480;2,7444
8481;2,7379
8482;2,8106
8483;2,7436
8484;2,8188
8485;2,7154
8486;2,7426
8487;2,6488
8488;2,7802
8489;2,7732
8490;2,6617
8491;2,6958
8492;2,6941
8493;2,7629
8494;2,6837
8495;2,696
8496;2,8102
8497;2,8378
8498;2,7077
8499;2,7117
8500;2,6815
8501;2,9138
8502;2,6225
8503;2,8286
8504;2,8401
8505;2,8151
8506;2,7918
8507;2,895
8508;2,9568
8509;2,8612
8510;2,7597
8511;2,6856
8512;2,7745
8513;2,7217
8514;2,713
8515;2,7785
8516;2,8023
8517;2,8514
8518;2,762
8519;2,7384
8520;2,8259
8521;2,8363
8522;2,792
8523;2,7902
8524;2,7136
8525;2,6061
8526;2,4939
8527;2,6544
8528;2,7241
8529;2,6307
8530;2,4222
8531;2,6839
8532;2,7941
8533;2,7162
8534;2,6547
8535;2,6283
8536;2,6518
8537;2,6208
8538;2,7225
8539;2,6389
8540;2,7483
8541;2,8375
8542;2,74
8543;2,6102
8544;2,6095
8545;2,5295
8546;2,3988
8547;2,5006
8548;2,4514
8549;2,3603
8550;2,3072
8551;2,2219
8552;2,2005
8553;2,1824
8554;2,206
8555;2,2141
8556;2,1813
8557;2,211
8558;2,1854
8559;2,136
8560;2,104
8561;2,0033
8562;2,1345
8563;2,1278
8564;2,1317
8565;2,1585
8566;2,1778
8567;2,138
8568;2,1489
8569;2,1253
8570;2,0924
8571;2,0775
8572;2,1372
8573;2,0315
8574;2,0439
8575;2,0962
8576;2,1139
8577;2,1041
8578;2,1182
8579;2,1083
8580;2,1039
8581;2,0889
8582;2,1461
8583;2,0931
8584;2,0997
8585;2,1067
8586;2,1032
8587;2,2495
8588;2,3343
8589;2,3297
8590;2,3797
8591;2,3628
8592;2,3078
8593;2,4462
8594;2,4596
8595;2,4274
8596;2,4361
8597;2,4062
8598;2,4581
8599;2,5588
8600;2,6185
8601;2,6121
8602;2,6426
8603;2,6794
8604;2,6594
8605;2,6912
8606;2,6676
8607;2,6128
8608;2,6282
8609;2,6286
8610;2,5642
8611;2,555
8612;2,5723
8613;2,4638
8614;2,3999
8615;2,5646
8616;2,5425
8617;2,5969
8618;2,5933
8619;2,585
8620;2,5846
8621;2,5218
8622;2,4423
8623;2,3453
8624;2,2214
8625;2,2351
8626;2,204
8627;2,2743
8628;2,292
8629;2,1956
8630;2,3054
8631;2,2279
8632;2,2019
8633;2,3086
8634;2,2894
8635;2,3112
8636;2,2432
8637;2,2567
8638;2,3558
8639;2,2943
8640;2,3167
8641;2,3058
8642;2,2818
8643;2,2292
8644;2,2386
8645;2,3105
8646;2,2093
8647;2,2735
8648;2,3352
8649;2,4786
8650;2,3649
8651;2,3341
8652;2,3745
8653;2,2615
8654;2,1941
8655;2,1473
8656;2,3161
8657;2,3936
8658;2,3688
8659;2,3407
8660;2,2863
8661;2,3637
8662;2,3663
8663;2,3695
8664;2,43
8665;2,4656
8666;2,2747
8667;2,6573
8668;2,6856
8669;2,6124
8670;2,5766
8671;2,7506
8672;2,8285
8673;2,6745
8674;2,7489
8675;2,812
8676;2,7854
8677;2,7736
8678;2,8074
8679;2,7732
8680;2,7787
8681;2,8237
8682;2,8484
8683;2,8151
8684;2,7228
8685;2,7343
8686;2,6884
8687;2,7045
8688;2,667
8689;2,6031
8690;2,6293
8691;2,6089
8692;2,543
8693;2,5123
8694;2,4683
8695;2,6553
8696;2,6928
8697;2,7009
8698;2,6583
8699;2,7605
8700;2,8144
8701;2,6924
8702;2,7079
8703;2,6789
8704;2,7963
8705;2,7795
8706;2,7974
8707;2,8383
8708;2,8079
8709;2,8785
8710;2,7464
8711;2,6383
8712;2,6581
8713;2,5876
8714;2,5755
8715;2,5985
8716;2,5359
8717;2,5122
8718;2,4873
8719;2,6764
8720;2,6272
8721;2,6916
8722;2,6968
8723;2,7397
8724;2,7476
8725;2,7206
8726;2,6246
8727;2,7367
8728;2,7249
8729;2,703
8730;2,7568
8731;2,6752
8732;2,5107
8733;2,4967
8734;2,575
8735;2,4275
8736;2,3496
8737;2,33
8738;2,3075
8739;2,2113
8740;2,1855
8741;2,1399
8742;2,1582
8743;2,1738
8744;2,1475
8745;2,1609
8746;2,0725
8747;2,0783
8748;2,0826
8749;2,0623
8750;2,0075
8751;2,0646
8752;2,0436
8753;2,0398
8754;2,1153
8755;2,2918
8756;2,2902
8757;2,4284
8758;2,3024
8759;2,3695
8760;2,3023
